MaKH,TenKH,DiaChi,SoDienThoai,Username
1,John Yoder,"66069 Margaret Forge, North Jennifer, OH 42389",001-421-200-0546x344,vvTvdgtQ
2,Colleen Donaldson,"3501 Tyler Underpass, New Donna, NY 69636",3229847409,d6cCsMyd
3,Taylor Mcclain,"37301 Maria Courts, North Robertport, AZ 41568",486-491-4114x471,croP7CKM
4,Charles Williams,"Unit 9035 Box 8127, DPO AE 04737",(560)659-2228x429,p4BwNNfI
5,Melvin Ali,"444 Kelly Village Apt. 396, Amandaton, MS 66734",719-617-2434,yGBXFZCM
6,Danielle Huber,"999 Allen Divide, Lake Shawna, TN 06621",860-539-4770x484,6QApW6JP
7,Ricky Rodriguez,"257 Munoz Shore Suite 217, Thomasmouth, PA 95540",5919669996,dkXjBgXl
8,Dr. Joyce Wilkerson,"Unit 8499 Box 2350, DPO AE 74747",(250)615-3313,gz2h9Kyk
9,Susan Cervantes,"2414 William Passage, Prestonshire, UT 50411",4772973633,oOdSAok2
10,Sarah Fox,"53001 Valdez Ramp Suite 764, Evelynshire, MS 51849",624.602.3974,VKtWhMcH
11,Toni Meyer,"997 Lisa Mountains Suite 699, New Daniel, VI 84702",(663)202-2756,DIxxFOXc
12,Stephen Gonzalez,"4030 Austin Forge, Mckeestad, MD 58613",416.275.0052,8eN45qeG
13,Vincent Thomas,"923 Morris Well Apt. 397, Reginaport, AZ 25390",386.979.0005x751,BLCRxr6m
14,Benjamin Young,"862 Jacob Vista, Danielberg, VI 77861",737.475.2948x656,Sz4MDM29
15,Janet Vance,"4974 Haynes Grove Suite 318, Gilesfurt, MS 15445",283-721-9164x853,FsUTLkYC
16,Drew Simpson,"049 Ramirez Viaduct, Mathewton, OR 39208",263-598-1900,YBpf8b9r
17,John Fields,"42694 Ferguson Expressway Apt. 115, North Tanya, GA 82574",+1-959-351-3988x94179,NBWS9QoA
18,Charles Wong,"5774 Philip Spurs Suite 962, Port Emily, NC 93991",001-358-902-1679x399,80CJjCyY
19,Amanda Wilkins,"17508 Ryan Lodge Suite 326, West James, NV 10317",9092994635,vMxwC0Ev
20,Vincent Ford,"7645 Gregory Street Apt. 915, Ryanton, IL 31667",(626)953-5394x83803,INY56vyC
21,Brian Vaughan,"USNS Greene, FPO AP 56209",(700)682-6275,jEmQoOSl
22,Jacob Roberts,"Unit 3718 Box 3161, DPO AE 49713",+1-962-306-1375,wl4we7sk
23,Sherry White,"7374 Wendy Islands, Lake Bethany, NC 17751",292-985-5860,1TLlSVee
24,Debbie Mckenzie,"USNV Powell, FPO AP 40948",+1-580-643-7254x632,GbTvJ9Dt
25,Crystal Valdez,"4579 Spencer Park, South Joel, WY 17916",+1-450-661-1426x98016,ZeYDd3Mo
26,Micheal Martin,"8961 Christopher Inlet, Kennedyfort, CA 37966",504.570.7161x211,2mT8B8cJ
27,Sean Andrews,"62435 Watkins Rapid, Sharontown, HI 14112",869-463-5207x9504,FLg1y9Ty
28,Holly Martin,"4752 Young Pass Apt. 220, Barberchester, AS 37419",5425704125,JgTXqOJe
29,Rachael Johns,"3693 Fisher Fort, North Monicaburgh, IL 75944",+1-898-601-9314x4935,cHifo3Vs
30,Heather Garcia,"47757 Brian Inlet, Reneemouth, SD 75460",+1-912-475-7303x36533,cazLnvWX
31,David Mills,"149 Lisa Tunnel Suite 304, South Taylorville, NV 61597",772.963.9679,bUdMeOqc
32,Todd Shelton,"368 Nelson Dale, New Billy, TX 64582",373.311.4397,3WfMHbh8
33,Jonathan Banks,"6694 Michelle Mills, Cannonland, PA 42021",528.498.3655x1689,pdGC5x7J
34,Brandon Richard,"7740 Dwayne Views Suite 933, Port Alyssa, ME 81050",(635)670-1586,8dY6dgYE
35,Anna Blake,"3341 Rosario Dale Apt. 803, Stevenbury, CO 23907",001-790-576-8230x54849,OUEQdYnF
36,Mr. Steven Smith,"8658 Timothy Point, Michelleberg, PW 51114",(705)810-0472x590,qlZasSWs
37,April Howard,"7604 Munoz Mews, Lawrenceton, WV 78103",608-494-7705,pUPLuBf9
38,Kim Castillo,"283 Jennifer Ford Suite 834, New Tylerberg, KS 61767",640-335-0336x52025,7jMHPtbH
39,Cody Dunn,"142 Hayes Roads Apt. 068, Martinland, NY 63368",(279)408-4786x570,cgdgaUeh
40,Aaron Willis,"38217 Cunningham Rapid, Smithside, PW 38207",(945)479-2910,GNmi90uv
41,Ryan Martinez,"23005 Heather Divide, Smithshire, SD 93556",5774472564,pilcSnKb
42,Angela Mccarthy,"14243 Amy Stravenue, Lake George, SD 97436",807-859-7134x5535,yMH0noZW
43,Catherine Simon,"521 Mark Common Apt. 643, Port Robert, VA 25223",784.601.3338,OY7gK3sk
44,Jason Watson,"7131 Morgan Ways Apt. 940, Kingburgh, VT 97746",+1-963-490-5791x85166,hys5owd2
45,Judy Taylor,"38788 Alexander Mall Suite 022, Ramirezshire, TX 59496",614-665-6332x54911,zxhmRG6X
46,Cynthia Brooks,"8334 Jose Stravenue Suite 392, East Kathyhaven, DE 09259",+1-960-797-7538x470,aNFj18Y5
47,Katherine Hogan,"435 Olson Brook, Mooreton, NM 15020",479-798-3133,XT9VJ8jX
48,Jason Byrd,"40233 Chloe Brook Suite 729, Lake Harrymouth, GA 59443",393-772-5466,vil7x6bN
49,Ronald Garcia,"946 Nathaniel Parkway Suite 922, Lake William, MP 44971",722.232.4434,HqMTAnGj
50,Courtney Holland,"298 Trevino Crescent, Christophermouth, PW 01687",524.801.5505x221,CoNlrDzM
51,Julie Williams,"Unit 3776 Box 9194, DPO AE 50344",001-529-493-1603x7381,b8fgdkL4
52,Allen Smith,"4743 Davis Harbors Suite 837, East Alexandraside, MA 88620",+1-330-619-2022x14314,VzlYhSlA
53,Jill Barron,"6781 Michelle Mission, Mitchellberg, AK 39535",001-550-730-7765x08040,WesbbsWq
54,Adam Golden,"USNV Thompson, FPO AE 95228",+1-460-954-7080,te6bqGHm
55,Kristina Randolph,"00998 Nicholas Meadow Apt. 939, Lewisfurt, AZ 80196",001-820-474-5724,JzcbNUTf
56,Jessica Atkins,"03150 Robert Streets Suite 382, West Julieville, FL 43581",233.771.5358x04298,zJOYa5kq
57,Jonathan Palmer,"31064 Jackson Mall Suite 499, Robertstad, MH 89675",+1-776-868-8105x7713,L91MvRFH
58,Chelsea Robinson,"677 Andrea Tunnel Suite 951, Victoriaport, GU 72791",+1-585-995-9107x34040,Z1BrUXbk
59,Adam Hernandez,"01542 Margaret Lock, Christinaside, IN 07322",+1-674-673-9890x651,mDt6UhL7
60,Andre Nunez,"19895 Brenda Glen Apt. 388, Millerburgh, MH 69515",(236)678-2908,qec2I7P1
61,Chelsea Franklin,"70743 Henry Lane Apt. 044, Jonesshire, MP 27146",+1-708-360-5253,KtoplkCy
62,Lindsay Reed,"1186 Amy Plaza, Port Danielle, MA 62804",514-507-0877x99125,HZLptChd
63,Tabitha Perkins,"01054 Tyler Dale Suite 187, New Alyssa, MS 72965",001-846-753-5402x14669,E5wsS6Xd
64,Lauren Mccarthy,"77788 Candice Prairie Suite 765, South James, KS 47527",(879)963-5272,TYWUd0jx
65,Ana Johnston,"708 Beth Crossroad, Port Sarahland, AK 49888",(531)200-9387,CMRaqwcF
66,Jeffrey Brooks,"5711 Corey Roads, Simmonsside, ID 56655",799.495.6984x18448,W2B8SeyR
67,Christopher Kelley,"028 Ramos Burg, East Andrewbury, TN 91914",001-345-270-3312x19951,Wm3XHRwN
68,Jeremy Barker MD,"69846 Tyler Canyon, Medinaton, DC 46634",832.693.5807,iXFR9CXu
69,Michael Nguyen,"79382 Holly Trail, Richardfort, WV 93037",606-933-9196,kh9d9kpD
70,Denise Wilson,"PSC 8199, Box 4170, APO AE 31574",+1-469-964-8171x5443,vypideoE
71,Ronald Brown,"418 Castillo Springs Suite 834, Martintown, ME 59242",001-292-535-4292x97762,JVi91tYh
72,Catherine Bailey,"331 Michael Gardens Apt. 479, New Christopherburgh, LA 22240",001-418-330-7524x66068,MZMHmHSV
73,Justin Wells,"44914 John Radial, Reynoldsmouth, CO 63163",+1-780-973-6270,pCKyAGCr
74,Debra Black,"010 Jose Manors, Wendyshire, ND 66611",+1-264-500-6674,LF3TR3f1
75,Matthew Long,"501 Ramirez Ways, Johnsonchester, IN 89107",001-270-938-3032x7220,1DLoQfyf
76,Maria Shaw,"6902 Denise Manor, New Jenniferberg, FL 42411",001-580-917-0307,XLCIVOfq
77,Curtis Washington,"305 Taylor Rapid Suite 763, West Bradville, ME 96607",001-904-372-7690x41789,v2ixXd7e
78,Nicole Miller,"5851 Tiffany Wall Apt. 052, Mathewsport, MH 10115",437-340-1465x5081,BbI10w2D
79,Michael Mccormick MD,"462 Sonia Station, Karenfort, OR 17032",9346458599,Vr5raw0T
80,Wendy Huynh,"PSC 0047, Box 9754, APO AE 07515",256.883.0460x933,DANS7OcG
81,Desiree Long,"849 Kimberly Spurs, Port Amyborough, HI 28999",(677)897-9127,qAaERXWZ
82,Rodney Davis,"2795 Ortega Hill Apt. 984, North Aimee, CA 68290",947-572-6984,GM8yVUNV
83,Michael Dickson,"2085 Joseph Bypass Suite 059, Lake Christopher, CO 14859",4464567060,AvpG9D2f
84,Melanie Stephenson,"2787 David Ports Suite 500, Bautistaview, NY 30932",+1-685-513-1551x545,fK4Vt1hj
85,Kristin Dean,"293 Davis Junction, North Cynthia, KS 26397",787-335-0115x6881,fdlKSAFO
86,Joshua Bush,"921 Joshua Heights Suite 064, Hillville, NM 50685",(983)729-0049x90240,seBDfIIZ
87,Tara Arellano,"383 Green Circles Apt. 993, Christinaport, CA 62202",001-367-527-4006x40623,MGrL5RLs
88,Daniel Martinez,"933 Isaiah Forks, Stevenshaven, PW 23354",(469)829-0704,DsYnmymE
89,Nathaniel Yates,"639 Wolf Drive Suite 525, New Patriciaview, IL 12586",+1-520-934-5177,xsyACB2I
90,Brandi Sanders,"826 Benjamin Locks, North Zacharyborough, MI 31518",316-357-8922x7034,yfNwJwjK
91,Lynn Roberts,"38622 Dunn Forges, New Barry, MT 01222",704-738-5755x230,7y0QWLyT
92,Jennifer Jones,"867 Roger Tunnel, Mcbridemouth, WV 70451",962.922.3173x5921,MQe46Dk8
93,Patrick Howard,"47927 Rodgers Inlet, Perezstad, NC 78423",+1-543-805-5370x125,8fEY6G25
94,Tiffany Ashley,"770 Jonathan Locks Apt. 283, Amyton, RI 09247",582.650.1614,JCe6u4wk
95,Michael Evans,"87980 Zoe Field Apt. 088, Aprilmouth, HI 41826",4142090593,92Qh1lJR
96,Mary Patrick,"37874 Little Mountain, North Justin, PW 21296",001-538-891-4271,ZIAkGpUz
97,Alan Green,"2053 Lorraine Estate Apt. 907, North Andrewborough, AL 76211",(688)372-6829x9934,OOFOvAGq
98,Richard Trujillo,"79689 Mary Summit, South Janet, SC 09156",852.545.0108,ZijTz69L
99,James Griffin,"232 Gonzalez Squares, Lake Bryanshire, FL 83119",(727)508-1795x121,n3ZsWJxR
100,James Vaughan,"96284 David Groves, Port Brianna, SD 02390",361.263.6781,1ZI5DXm9
101,Mark Brown,"4596 Reed Hills Suite 940, Cynthiabury, AK 70296",+1-375-353-0797x89511,CZG9XSUu
102,Cody Weber,"770 Ashley Forks Suite 928, South Alyssaton, CO 72447",448-490-1306x6313,2sBqDqaS
103,Deanna Nolan,"532 Garcia Crest, South Whitney, VA 11157",9585365772,KV9aAxr9
104,Anthony Wu,"USNV Parrish, FPO AP 40228",(309)550-0463,nPQuzzNV
105,Ronald Gutierrez,"78442 Cassandra Fords Apt. 880, West Sarah, UT 10174",001-948-281-0917x8362,bu01sLMK
106,Tammie Foster,"4834 Davis Mission Apt. 346, Suttonland, AR 24977",+1-897-210-3779x09891,JedIx5sK
107,Jesse Myers,"224 Drake Island, East Robinbury, PA 57165",001-231-925-3929x572,vVCqKXKV
108,Mitchell Jones,"655 Margaret Passage, New Tracy, NM 95717",(260)740-1724,vHUeXZC7
109,Andrew Gibson,"557 Smith Shores, Matthewburgh, AZ 34331",001-307-222-0224x175,cyJD304p
110,Jenna Pearson,"55756 Shea Meadow Apt. 648, Fisherberg, KY 04085",001-658-945-5707x135,fMA1jLJU
111,Vanessa Montgomery,"944 Brandt Lane Suite 198, Masseyport, IN 47609",7092133478,hlgJoOuX
112,Susan Frank,"063 Ortega Drive Apt. 245, Rebeccabury, ME 75657",814.257.4272,qtLK5lUZ
113,Lisa Bates,"7033 Sanchez Land Apt. 787, Andrewton, DE 53378",+1-273-896-6043x329,LPdtwPCd
114,Chad Pearson,"132 Mary Plains Apt. 399, New Susan, AR 05666",001-772-589-2311x3940,6FeuKDjh
115,Margaret Walton,"984 James Way, Port Danieltown, PR 68938",592.700.8139,deao29jr
116,Emma Roberts,"PSC 1943, Box 1063, APO AA 51761",5412253662,pEkIWUse
117,Hannah Fitzgerald,"05133 Bailey Cove, Monicaberg, MH 72137",001-322-327-9365x181,5NcXkBGt
118,Alejandro Gallagher,"2652 Matthew Summit Apt. 674, North Shelleytown, CT 36647",(484)427-5480,WaLAtKoj
119,Charles Schwartz,"Unit 9140 Box 6766, DPO AE 53726",854-425-0311,We7BbbwA
120,Brian Murray,"1084 Jeremy Pass Suite 615, West Todd, KY 42539",+1-247-430-3583x45996,xQtRTSWB
121,Anna Ruiz,"938 Shelby Squares, West Ryanberg, PR 86739",490-527-9855,gkywlTQF
122,Jamie Jimenez,"0857 Huynh Squares Apt. 343, West Kathryn, ND 94695",749.827.3283x2365,VXCn27vy
123,Nicole Smith,"19336 Matthew Mount, Port Cynthia, WI 81244",821.247.8665x8834,nUEtYKHw
124,Brenda Morris,"96262 Valerie Field, Lake Beth, ME 59314",429.864.8659,7qinEdXE
125,Danielle Walker,"7575 Williams Cape Apt. 852, Port Steveton, MI 40799",513.784.9413,9jd4Xpyb
126,Marc Fitzgerald,"9866 Phillips Islands, Lake Melissamouth, WA 08153",557-584-3888,QDT9UOby
127,Andrew Hart,"749 George Centers, Spencerberg, VT 48014",001-755-941-0756x300,szodXjl6
128,Claudia Underwood,"792 Gibson Ridge Suite 529, Nicolemouth, SC 19573",+1-866-910-7601x586,jGr6UvGV
129,Joseph Hart,"Unit 7997 Box 1875, DPO AE 09843",(982)973-9148,pY9kmuFd
130,Carlos Curtis,"85953 Arthur Isle, South Tamaraside, ND 66588",905-402-2624x847,HxBZQiMM
131,Tracy Ware,"USS Moran, FPO AA 41957",+1-508-508-4206,AZxintrT
132,Frank Wright,"USNV Snow, FPO AA 50830",701.824.0310,MxLyOI8t
133,Amber Flores,"USS Little, FPO AP 56711",911-279-4139x9605,hEk2Ss0u
134,Jon Garrison,"24878 Elliott Shoal, Smithberg, GA 26188",522.259.6510x14105,mrik2YY7
135,Mark Hayes,"412 Hernandez Trail, Harrisfort, KY 45131",(605)758-4083x05863,83TnDMo8
136,Krista Taylor,"526 Gerald Lane Apt. 885, Burgessmouth, DE 22723",+1-953-603-4299x7432,4Fl3ta2e
137,Tiffany Nelson,"791 Martha Dam, South Jaclynville, RI 10601",(393)647-3938,t8mpw6hu
138,Kristine Hoffman,"80465 Rodriguez Place Apt. 925, Simmonsburgh, DC 30870",(417)729-3246,I0r7UNpS
139,Larry Morrison,"50412 Rodriguez Bridge Suite 039, Timothyville, ME 05990",(384)458-6042x82025,qYz18ehs
140,April Ramirez,"USNS Dennis, FPO AA 90244",001-449-748-8162,fxX2uZ3T
141,Tracy Davis,"17876 Judith Shore, Morrisfort, CA 07680",494-917-4602,0e4UIRKK
142,Trevor Baxter,"8107 Joseph Forest Suite 230, North Michael, MI 54617",(691)738-4769,KIzWd67w
143,Mary Carlson,"29943 Michael Divide Apt. 269, Franklinland, MA 57987",001-733-589-2227,tTzagaR9
144,Laura Bailey,"086 Crawford Trafficway Apt. 420, West Victoriahaven, PW 11779",+1-450-399-6866x492,emFoGApW
145,David Franklin,"PSC 4505, Box 2548, APO AA 52845",615-457-8986,EwrW21RC
146,Molly Davis,"4730 Lauren Stravenue, Kimberlyberg, PR 03713",731-960-8893x1352,0csz09py
147,Abigail Rogers,"9120 Osborne Fall, North Glenton, ND 43413",+1-215-373-8163x22472,Jj8kWRkQ
148,Teresa Simmons,"2951 Stephens Ridge, Port Ethan, GU 66538",222.479.5761x57928,zOo09Rc2
149,Lori Schmidt,"USCGC Jones, FPO AA 69477",(407)793-6341x5201,y1cdGBLz
150,Nicholas Campbell,"4229 Shawn Forks Suite 241, East Christineville, GU 60596",413.312.0773x3244,TmgxWBjz
151,Kendra Horton,"78249 Cody Pines, Welchville, HI 70850",550-867-8491,xOBn8s9l
152,Steve Hanson,"78387 Williams Square, East Donnaton, MS 24031",374.502.7469x44911,iaY341Nj
153,Paul Spencer,"1184 Jenna Key, Port Jenniferfort, NC 15498",588.490.2206,LKtUU893
154,Brittney Mcmillan,"PSC 1050, Box 5966, APO AP 76874",(679)875-0409x5471,cqURnDOp
155,Trevor Hall,"747 Powers Passage, Lake Katietown, FL 52592",+1-557-822-9797x00230,ghoftUn6
156,Jennifer Reilly DDS,"74768 Michael Walks, Lake Donnahaven, GU 42369",920.788.5302,0hqdLc9Q
157,Christopher Mitchell,"739 Bryan Circle Suite 634, New Jessica, OR 47158",001-921-429-7302x452,uYfYRO4h
158,Lorraine Waters,"PSC 8866, Box 8091, APO AP 33967",(725)553-4694,4engkWnG
159,Emily Watkins,"39068 Ortega Branch, Lisafurt, MS 26378",+1-411-596-9589,IfKaEFVP
160,Jacqueline Morgan,"755 Clark Views, Hudsonberg, NM 43193",8929893376,t4jxtMu9
161,Matthew Murphy,"2971 Rogers Fields, New Christine, MP 89841",720-607-2110,KjqEvSmM
162,Tammy Bryan,"090 Love Street, New Shannon, IN 82252",(266)591-5706x469,UyFaVgG4
163,Lee Sanders,"Unit 4219 Box 8562, DPO AP 32237",001-896-589-5284x345,UNLhEPKq
164,James Howard,"693 Galvan Track, New Laurenhaven, NJ 64151",(271)529-9365x4962,AvERV6eo
165,James Rodriguez,"Unit 8265 Box 1066, DPO AP 37755",756-346-1026x0696,KHRRCjnq
166,Christina Gordon,"0329 Cynthia Lock, Evanston, AL 51110",852.248.4725x85359,3gpeaPFP
167,Danielle Schultz,"5920 Jackson Route, Lake Danielshire, MP 86724",220.591.6712,xkoDUEyT
168,Dalton Smith,"3019 Shawn Fall, Port Joel, VI 07749",+1-208-225-4095x51863,4fF94EYR
169,Eric Russell,"66887 Lauren Cliffs, Lake Jeffrey, AK 41737",(425)683-8871x80511,ZaS2faby
170,Gregory Gray,"41823 Emma Locks Suite 951, Martinmouth, IA 60892",+1-658-605-2949x3483,b9GgD2Px
171,Scott Love,"02806 Rodriguez Forks Suite 232, Hessburgh, WY 19808",+1-778-585-8136x8743,IysOgEwR
172,James Lopez,"PSC 6389, Box 0065, APO AE 01998",550.833.6435,84AkqFBP
173,Andrea Anderson,"810 Brennan Crescent, Yvonnehaven, ME 13535",001-866-681-2794,RLlQUBSo
174,Curtis Atkinson,"6343 Erik Rapid, Hubermouth, LA 14030",001-696-296-9999x90891,N6NjRA3k
175,Crystal Cook,"878 Nguyen Port Apt. 133, West Michael, OH 67873",(848)997-1899,flHvs8V9
176,Mary Lara,"1218 Stephen Park Suite 871, Josemouth, VI 34807",4193290505,4PX3hn6H
177,Reginald Wolfe,"4082 Haney Run, Thompsonmouth, MS 99898",+1-832-343-3172x734,m3ls5KF5
178,Gail Woodward,"37463 Jordan Harbors Apt. 805, Gibbsview, HI 06623",3422113782,cpNIXmoK
179,Matthew Williams,"67059 Robert Summit Suite 554, Bennettberg, NE 29710",(608)242-2394x69388,ycDqd3Vk
180,Michael Stephens,"832 Payne Mountains, Cunninghamport, WA 31020",816.638.4866x92257,GsPw7qJq
181,Kenneth Shaw,"800 Carrie Passage Apt. 514, Espinozafort, AL 29878",(964)760-8321x0800,g0AZmutA
182,Kevin Walters,"9955 Jackson Hills Suite 471, Herrerastad, VA 22137",7136940030,rPBOBTPp
183,Kevin Reed,"8210 Teresa Junction, North Nicoleland, MP 30908",(540)302-0774,Q789B5FE
184,Crystal Jones,"659 Nicholas Row Apt. 340, Laurahaven, NV 71471",749.850.6038x011,NwSbt9AB
185,Jessica Dickerson,"12272 Johnson Rapid, Smithtown, WV 30816",395-750-9895x5172,7nxXNuxS
186,Chad Hodges,"213 Lee Square Suite 358, Mendozastad, MD 16894",001-534-438-8170,ncz5bQ2H
187,Madison Fernandez,"802 Long Crest Apt. 848, West Yesenialand, ID 42983",(752)858-0690,U9SPg3n4
188,Matthew Williamson,"Unit 1039 Box 5568, DPO AE 96408",001-370-223-2117x715,Sx8vo1xm
189,Jesse Reynolds,"0876 Scott Manor, Danafort, IN 84593",(294)950-8629x51258,VMCktAra
190,Debra Bates,"7070 Davis Dale Apt. 765, Kingmouth, MO 62213",4043448219,7qcW2QHX
191,Kimberly King,"01353 Patricia View, Blairside, GU 14529",(621)260-2488x93147,6apCIK4i
192,Alexandra Parrish,"445 Sutton Squares Suite 776, Estradaville, KY 85948",470-441-7202x70575,SCd0hENd
193,Robert Carson,"10003 Natalie Mountains Apt. 398, West Allen, NV 27550",731-821-1590x48061,Q1Lgp62u
194,Kelly Russo,"386 Parks Park, Schmittfurt, MD 38573",947-330-2075x94663,fgbpn3fd
195,Kathy Morris,"690 Cross Manor, Kennethberg, ND 53612",+1-852-460-4294x19467,vpOxSEah
196,Krystal Schmidt,"051 Rivers Mountain Apt. 408, East Wandaberg, UT 24140",+1-351-232-8464,vGj4ZgXp
197,Linda Tyler,"33513 Brandy Shores Suite 443, Johnsonmouth, FL 27512",001-832-924-2784x455,IRs9CFIR
198,Gregory Chavez,"478 Ryan Coves Suite 279, Thomaston, VA 42861",+1-812-677-6052x3168,5oxHiHxB
199,Joseph Bruce,"02779 Rhonda Plains, North Shelly, ND 78534",907.746.3570,1yYBOUFi
200,Nicholas Davis,"64897 Jones Overpass Apt. 743, Rebeccamouth, WA 69485",324-426-6180x94115,X9JtbvgX
201,Carolyn Compton,"818 Rachel Field, New Sylviaburgh, MP 38383",(410)823-9822,ShdNLz5L
202,Ryan Zimmerman,"894 King Meadow, Longstad, SD 20067",(697)973-8221x33171,gjfxYCnC
203,Rebecca Newman,"623 Bates Brooks, Martinezbury, AZ 93731",001-770-380-7044,W5AWaHxJ
204,Lindsey Padilla,"55866 Christina Views, East Maria, WY 11274",734-271-4490x3697,keVqnK5Y
205,Dawn King,"443 Ochoa Inlet Suite 586, Josephfurt, WI 63259",(756)825-3932x1833,n8kx7hNp
206,Krista Leblanc,"79543 Austin Flat, Wernerberg, MO 46870",+1-793-871-4910x09987,EIWLI68T
207,Vincent Gordon,"81946 Lauren Stream, Markburgh, CT 25620",001-558-885-0367x2645,eS3So2B5
208,Zachary Boyd,"17919 Paul Ports Suite 553, New Jennifer, IA 28989",769-914-8029x4327,tGD6TX5w
209,Thomas Davis,"8003 Martin Landing Apt. 652, Jamesberg, ME 57266",397.397.3741,nCELHLoV
210,Jessica Nichols,"Unit 1155 Box 3549, DPO AA 54147",463.755.9333,OeO3s04q
211,Michael Warren,"78171 Cunningham Row Apt. 589, Christinastad, PR 27268",001-823-329-5527x508,EqnhpIce
212,Gary Fletcher,"946 Ronald Pines Apt. 077, Phillipborough, WV 25202",001-515-554-9048x936,XGpKdRnc
213,Joshua Burch,"85424 Jones Vista Suite 716, Jennifertown, GA 05143",+1-607-923-3489,DBAYIVGA
214,Brooke Avila,"USNS Hunt, FPO AE 54709",001-656-901-8263,glDpNUlH
215,Shannon Dunn,"389 Duncan Plaza, Port Roy, MO 88954",(821)441-6811x829,FA8Q0AjN
216,Michaela Thompson,"USNV Rivera, FPO AA 23447",695-524-5496x4500,xKM0ZQ6I
217,Kimberly Rivera MD,"922 Richard Well Suite 141, Janehaven, MO 93372",918.283.6878x2140,6NObS3gE
218,Jesus Ibarra,"80185 Brock Islands Apt. 364, Stewartview, KS 92420",417.867.7937,zdpxDGr1
219,Elizabeth Johnson,"746 Schultz Shoal Apt. 009, Lake Charlesburgh, PR 18082",2535759560,tYjEBuGk
220,Peter Guzman,"1781 Breanna Brook Apt. 241, Lake Davidview, MO 05301",(568)292-6411x716,CbHDeXGr
221,Tracey Vazquez,"99011 Doris Extension, North Michael, WI 60973",937-674-5051x35461,yqrPwvyA
222,Amber Lawrence,"57250 Church Wells Suite 444, North Lisabury, KY 96840",(951)610-4795,B2NUQ4Cp
223,Cindy Harmon,"329 Daniels Track Suite 057, Fergusontown, CT 92429",(920)735-6587,b8eDxGZg
224,Regina Smith,"7658 Owens Plain Apt. 589, Gonzaleshaven, ME 33111",701.581.0533x58134,NzKjZPQN
225,Victoria Johnston,"0230 Victoria Points, Wileyfurt, MS 57254",001-841-380-4401x7546,TAfmDtao
226,Regina Ford,"4287 Luke Underpass, North Bradley, MS 91173",001-768-244-4790x721,cL28FvNs
227,Danny Benson,"454 Derek Mountains, Michaelmouth, AR 95791",7395334349,5N6K4RgN
228,Arthur Hines,"5649 Sandra Branch, West Anthonyville, VT 17742",213.690.7394,5MIMqlJ8
229,Brian Hodges,"893 Johnson Point, West Joann, IA 30518",834.834.9254x496,xnZARek7
230,Dale Vasquez,"4193 Ramirez Mission, Crossmouth, NY 12512",(406)688-2175,uYBcHuh4
231,Christopher Barton,"702 Heather Ferry Suite 181, Jonesstad, CT 89355",001-293-792-9120x498,xxFgBTn7
232,Randy Abbott,"88425 Wright Tunnel Suite 425, South Matthewtown, VA 24751",880-311-7365,giIsKrjr
233,Anthony Reyes Jr.,"3022 Ferguson Land Suite 463, Clairetown, FM 33479",+1-796-996-9410x48393,2Unoy159
234,David Campbell,"474 Mike Shoals Apt. 703, West Brandy, IA 93929",+1-417-436-7653x258,rO8NafPd
235,Christine Castro,"994 Megan Walks, Port Darrell, MT 12500",496-266-6022x8749,6V5WckYc
236,Vanessa Carter,"2760 Jackson Pine Apt. 208, Veronicaburgh, MH 90516",217-840-5208x663,WKhKcgKG
237,Daniel Kim,"728 Edward Garden, Welchtown, MN 18833",970-680-0686,5sbgrl6a
238,Sharon Richardson,"475 Trujillo Valley, Schmidtbury, AK 66832",+1-597-795-1840x8339,NttIAZXh
239,Angel Phillips,"635 Johnson Vista Suite 571, Leonardton, IN 55176",(785)759-3549x3257,msydK3HN
240,Robert Kelly,"6252 Smith Lights Suite 534, West Davidton, GA 60994",688-493-0053x9119,k6kGsvGj
241,Katherine Moyer,"570 Lopez Shoals Suite 590, Lake Wendytown, SC 82717",539.547.3771,MnMTt2zE
242,Richard Wells,"773 Schaefer Brooks Suite 067, Hickmanfurt, IA 83949",(285)254-1450,oCqETonx
243,Brendan Lee,"434 Williams Tunnel, East Amy, HI 51104",492.699.6167x04381,VrCJ1Xoq
244,Sharon Sawyer,"4961 Linda Flat Suite 353, New Jodyside, LA 28612",5115050463,5dMotMeI
245,John Brooks,"USNV Walter, FPO AE 41970",3328902005,ZmD9F8fB
246,Christian Bray,"7913 Robin Union, Port Bradleyburgh, MS 29402",364.354.2351,BlXMKMOj
247,Anthony Young,"060 Hunter Prairie Suite 690, Navarroside, DC 35296",+1-513-520-3011,r276xRcJ
248,Steven French,"36304 Castillo Highway Apt. 578, South Nicoleberg, OH 66180",001-380-357-1320,i9WIgMzU
249,David Garrett,"1719 Julia Valley Apt. 907, Port Frances, OK 51435",8745842563,iJKTlKpv
250,Veronica Cooper,"125 Allen Road, Johnsonberg, OR 58748",253-687-7440,X3pOSjfY
251,Kelly Taylor,"04446 Rojas Viaduct Apt. 242, New Michaelton, AK 69706",599.642.0405,MlrfBixu
252,Tina Hendrix,"4919 Lynch Row Apt. 677, Shannonfurt, WY 28942",233-669-6690x122,CWPLRVrX
253,Michael Ellis,"29826 Lee Plains Suite 748, East Loriville, LA 67684",+1-280-497-1824x1757,2xNRZURH
254,Steven Smith,"01856 Martin Via Apt. 817, East Robin, MP 67563",001-945-924-0178x22399,mJwSKMyT
255,Anne Park,"552 Jason Spur Suite 654, Davidtown, AS 30233",001-429-532-2732x7518,MLgJbOhT
256,Laura Rivera,"425 Jones Glen Apt. 736, North Christian, MI 55244",+1-424-583-6413,Jt3wYnMI
257,Charles Maxwell PhD,"96383 Luke Rue Suite 896, New Amanda, TN 21357",001-248-391-6157x665,RvBlaIcb
258,Adam Brock,"379 Cox Street, Sullivanbury, AZ 20345",001-700-515-4952x61492,cVWvrFf3
259,Shannon Jones,"036 Hayes Rapid, Willieville, OK 29999",6475984617,6XV6Is1K
260,Jason Chapman,"89728 Wang Forges Suite 740, Francisport, VT 98165",927-635-5336x83968,s61GSKUZ
261,Whitney Phelps,"764 Osborne Pike Apt. 573, Smithside, VA 19311",834-778-2581,fTqjX11X
262,James Cooper,"1107 Brianna Fort Suite 453, Roberthaven, MN 84729",334-951-5709x6807,ujf3fNCx
263,Adam Gonzales,"9843 Mitchell Extensions, Pierceville, MH 82535",(893)957-2104x5679,JuijuSXU
264,Joseph Boyd,"10385 Higgins Cliff Suite 435, Zacharyview, WY 18203",+1-583-523-3486x9283,0AgVGamo
265,Ryan Frazier,"822 Lori Walk, Smithburgh, AZ 26822",539-950-6804,4EivJd0P
266,Steven Sims,"80527 Matthew Harbors Apt. 621, Gilbertton, ND 19543",390.921.8075x0241,jKfdTCIC
267,Anthony Ward MD,"481 Carol Pine Apt. 599, Lake Robertmouth, KY 93727",339.348.2835x910,PdwtHf4X
268,Caitlin Gomez,"08276 Rogers Greens Apt. 319, Juliachester, IA 96434",7675291982,5EiDMWU9
269,Russell Mejia,"84059 Burton Loaf Apt. 128, Petertown, NJ 33262",7177381461,6ClPXRzQ
270,Jessica Guzman,"6919 Michael Mission, North Emily, IN 94998",+1-768-833-0400,ptkx7JPY
271,Christine Fleming,"1957 Rivera Causeway, Donnaton, UT 30027",960.479.2723,cbOcxo6p
272,Jason Newton,"7637 Kenneth Via, East Michaelfurt, CT 45612",305.752.2062x215,w3YSJNdQ
273,Amy Levine,"294 Jessica Drive Apt. 263, New Mariahland, OH 07403",827-842-6018,DuC0A4lk
274,Brittany Sherman,"1171 Lee Roads Apt. 865, Port Lisamouth, MD 78126",(953)859-6781x89307,IjAKFhtv
275,Charles Chapman,"35878 Paul Gateway Apt. 552, Kristinastad, PR 34674",202-538-4133,HGonjPpz
276,Amanda Herman MD,"059 Black Dale, Brittanymouth, HI 16732",409-390-5895x94953,F6G5Z41z
277,Deanna Aguilar,"97636 Patrick Roads, Travisburgh, DE 86600",9983304435,lYKQIO0s
278,Tammy Williams,"86440 Steven Walks Apt. 714, West Antonioville, SD 67154",837.507.3943x07018,moX3lTGK
279,Kristen Harper,"9211 Betty Street Suite 860, Taraberg, FL 20103",+1-843-427-7412x0016,iG5TFpMA
280,Todd Mills,"578 Meza Dam, Swansonville, NH 36453",001-515-813-6917x7484,lxeQDjek
281,Joseph Lin,"10484 Thomas Wells, Shermanburgh, TX 76127",+1-912-391-7707x1548,O2ak0NpK
282,Frank Lewis,"218 Hernandez Estates Suite 410, Jessicashire, RI 08798",252-487-4078x169,fanuN3lq
283,Robert Williamson,"PSC 1333, Box 3608, APO AP 23569",(776)288-0086x27502,D14Lqxlk
284,Tina Ellis,"08066 Wolfe Courts, Port Alexander, MA 76765",+1-646-268-8014,YV44QrGN
285,Melissa Guzman,"28271 Cynthia Drive Suite 783, West Denise, MA 89758",7373021400,tq9fShlJ
286,Gregory Hoffman,"54458 Philip Grove, Fraziershire, NC 63347",925.438.9983,fFlXIkju
287,Ryan Reed,"9391 Angelica Expressway Apt. 329, Williamhaven, NV 18463",001-839-309-6899x976,GlqamMRj
288,Christina Chavez,"60494 Michael Island Suite 916, Roytown, TX 95497",637.885.9819,w8MMM4z6
289,Margaret Mullen,"PSC 7063, Box 9935, APO AP 80475",001-212-979-9314x362,cIPZ6ji4
290,Robert Oconnor,"42954 Lisa Walks, North Christinaview, CA 79867",(896)321-5478x3534,ly8uq58R
291,Sherry Herring,"075 Cox Unions, South Karen, NE 79633",001-579-662-5059x05226,5iz3KGbN
292,David Cantu,"249 Webster Causeway, East Susan, MT 31902",+1-914-765-1875,Q24DxnsM
293,Ashley Perry,"096 James Route Apt. 239, Lake Cassandraberg, FL 75603",(640)469-3374x090,Y3uOIKBY
294,Andrea Ramos,"83201 Lawrence Street Apt. 950, Harrishaven, WI 35307",510.585.7020x71417,GZ21iEl7
295,April Robinson,"31226 Rachel Shoal Apt. 110, Christophermouth, MH 29793",(503)789-5163x293,pg0Zl9Ug
296,Jill Jones,"188 Danielle Avenue, West Stephanie, IA 66323",(619)658-8660x831,7ghX7ckm
297,Tracy Harris,"98256 Rachel Port, Lake Daniel, VT 91012",3876374214,B3hhJci1
298,Benjamin Powell,"9917 Eric Locks, Lake Markfort, PW 50999",001-416-822-4877x7728,HyHTbtkW
299,Rebecca Hodges,"29209 Chelsea Valleys Suite 676, West Christine, CT 35550",+1-878-735-3668x04799,oIWTe2uq
300,Michelle Morales,"37381 Alexander Cove, North Nicoleberg, IL 51404",(481)256-6056,EQa41Bos
301,Amanda Arnold,"6679 Randall Landing, Charlesmouth, AK 34910",927.571.0731,qgRJntto
302,Tyler Zimmerman,"022 Brianna Junction, West Richardchester, GA 84175",001-291-342-1700x53161,B1h04rx4
303,Kelly Obrien,"8245 Steven Burgs Apt. 694, Bethfort, VA 24190",001-989-308-1356,PKGw4ftf
304,Anthony Shah,"9953 Short Oval Suite 842, Novakbury, MA 49487",(455)342-7793,eLSjp8VU
305,Jessica Griffin,"36454 Clark Hills Apt. 591, East Andrewville, PR 25025",001-631-887-0281,rgJprSBe
306,Lee Goodman,"60930 Amanda Rue, Port Courtney, WV 23676",575-381-7943x094,2W93GQS5
307,Jasmine Estrada,"26054 Tiffany Station Suite 417, Murphymouth, RI 42254",739-483-3983,llOnKbH6
308,Jennifer Davila,"5751 Cindy Camp Suite 654, Debraberg, WY 30024",(268)475-1788x0194,ullf8Yix
309,Theresa Nunez,"37184 Chad Squares Suite 998, North Daniellehaven, KY 26440",001-754-432-5865x982,eJoupvZk
310,Gabrielle King,"6662 Laurie Squares, West Reginabury, WV 02548",+1-451-612-9804,lVBhmjgD
311,Cameron Davis,"851 Steven Valley Suite 762, Davidton, GA 25300",9923557749,EFmzkJbg
312,Brandon Bell,"4980 Thompson Inlet Apt. 060, South Sarahberg, WV 87095",+1-998-521-4302x41596,U3XxFMDl
313,Deanna Luna,"737 Joseph Mill, West Kyle, MA 79854",001-308-999-2541x907,RBjSeQIG
314,Shawn Zuniga,"644 Haley Lake, New Annettemouth, AK 18055",744.537.9025x16863,5c9mv0WF
315,Jeffrey Booker,"94497 Murphy Fork, Christophertown, SD 31391",495-293-1171,4M7FgJim
316,Johnny Pierce,"5154 Clark Ford, East Michelle, MH 84459",403.434.1561,SX91fxIN
317,Miranda Smith,"99454 Joseph Tunnel, Margaretmouth, NY 17464",001-928-580-4586x6281,qyHqcv69
318,Alison Santiago,"48405 Miller Station Apt. 127, Steventon, RI 81545",214-752-9312x641,Enuz8fI3
319,Ronald Ramirez,"3042 Alexander Underpass, Heidimouth, MO 10834",+1-286-228-2736x60889,4BnFe7RC
320,Robert Hawkins,"86045 Dylan Island Apt. 306, Michaelmouth, PR 45112",+1-998-307-0573x04934,CWUKjxsK
321,Brian Williams,"6989 Charles Ridge Suite 868, South Jamesland, PA 47104",8193597429,mnaWLZxH
322,Lori Williams,"37910 Stephens Ranch Apt. 468, New Phillip, GA 02737",+1-611-266-0976x04407,wCEKow8y
323,Mary Gay,"361 Deanna Trace Apt. 691, Millerview, CA 41419",282.611.1843x4559,sT6EiYua
324,Sharon Patrick,"0763 Sarah Rapid Suite 341, Davidborough, IL 02095",(427)288-0407x57780,7KNgTgqD
325,Andrew Brooks,"1447 Paul Brooks Suite 962, Wrightfort, TN 66109",+1-957-825-7138x72552,WB593VHt
326,Ethan Williams,"04729 Paula Plains, Camposburgh, WI 74275",001-829-705-7666x351,4cdvtjKt
327,James Lam,"Unit 8740 Box 3114, DPO AA 73708",001-340-804-8201x5147,MKk648JA
328,David Chung,"73815 Mitchell Plains, Davisfort, WY 86309",3392560291,T5s7y5Sx
329,Theresa Hull,"7755 Eric Ranch Apt. 328, East Jennifer, AS 79423",953.418.3615x531,jSPHRrvp
330,Robin Lopez,"391 Sharp Villages, North Briana, LA 91595",502-578-1180,chL7m6Xg
331,Cheyenne Gonzalez,"8545 Steven Mill, West Timothyborough, MT 24929",674.758.2582x61415,Uhr6sABO
332,Stephanie Martinez,"7430 Angela Creek, Jasonton, IL 88577",449.565.1789x3470,JYzBQniD
333,Morgan Miller,"Unit 2259 Box 5588, DPO AP 06591",310.514.4235,9MxxBOEC
334,Jerry Garcia,"579 Bradley Drive Apt. 921, East Zacharyton, ID 67653",001-289-369-5338x657,0Gh0RmaH
335,Pamela Richardson,"1612 Smith Groves, New Kimhaven, LA 41568",703.282.2949x46356,qg2T0sNz
336,Eric Baker,"385 Miller Lock Apt. 133, Walkerport, PA 38859",3954087497,Kdoco5RT
337,Kevin Mercer,"076 Francisco Curve, Whitneymouth, DC 98201",224-907-8303x785,b0RuWzoh
338,David Goodman,"9457 Clarke Ridge, Sosamouth, DE 22108",889-723-3274x7791,7L5OUn9i
339,John Mccarthy,"09844 Cynthia Loop, Guerrerohaven, MH 90038",764-898-9403x9463,FLUsuTNn
340,Ryan Mcfarland,"44359 Paul Fords Suite 675, Griffinhaven, RI 92942",9876607489,plCIE2gU
341,Stephanie Smith,"9970 Wilson Mountains Apt. 072, Lake Amyhaven, MN 50396",2196977744,6jdLHloQ
342,Theresa Jimenez,"449 Michael Centers, South William, MO 69474",(615)452-7916x565,YDix9wve
343,Courtney Hopkins,"16466 Kelley Path, West Ashleyville, IL 79245",202-577-5841x1788,oLdXsbqd
344,Casey Smith PhD,"70792 Vanessa Pike, South Donald, MH 67440",001-596-819-0352,VP7Er3lM
345,Robert Willis,"3475 Andrew Islands, North Carolineton, MD 25569",001-900-605-1013x5949,O3nsnPK9
346,Richard Carter,"6441 Mayer Cape, Trevormouth, KS 32706",333-888-8750x382,7o2IcSX4
347,Anthony Goodman,"USCGC Stone, FPO AA 58226",001-217-743-3972x54931,3PDNbmba
348,David Ortega,"14965 May Orchard Apt. 976, Paulaborough, VA 09746",596.759.0216,KgJ55pfu
349,Christopher Stewart,"22445 Carl Lights Suite 295, New Taylor, OH 14407",676-784-6164,nBkWM6eS
350,Paul Whitaker DVM,"7334 Herman Pine Apt. 280, West Kathryn, MN 63968",+1-247-451-0786x1057,1AXdPZyL
351,Mr. Michael Holloway Jr.,"42311 Jennifer Stream, East Mariashire, VA 52658",001-211-761-6242x5209,KEGR9Iwk
352,Ronald Hatfield,"05321 Miguel Fort, Nelsonland, CO 62414",+1-901-455-5757x36692,SGilQ8X7
353,Kenneth Young,"80700 Newman Pine Suite 617, Schmidtport, VI 66107",769-767-6312x7023,qF5tBDrv
354,William Lam,"11197 Burnett Springs Suite 922, Kirkton, CO 65009",(293)889-5137,Uj9ihM7e
355,Cassandra Davis,"065 Sloan Fork, South Brianberg, SC 56165",+1-316-318-1207x948,08owRtiI
356,Brandon Nunez,"28014 Jenny Rapid Suite 848, Stanleymouth, NJ 85525",830.855.2494x1994,DCEMJTkR
357,Melissa Smith,"940 Donna Fords, Port Jacobport, NY 52158",239-531-7980x854,g3rFyLNF
358,Edward Burke,"473 Andrew Plaza, West Paula, PW 69761",255.919.4657x553,c3GcTYMp
359,Justin Aguilar,"969 Charles Valley, Jeremyburgh, MA 77266",503-882-0287,4KQl8AWH
360,Alan Benson DVM,"073 Copeland Tunnel, New Catherinemouth, KY 22698",(917)542-1661x1437,jgkXZfB8
361,Danny Whitehead,"613 Ray Islands, East Nichole, LA 93376",2392009911,gCR3PKco
362,Anthony Fisher,"15553 Karen Streets Apt. 344, Port Sarah, MO 79852",532-990-2680,KTcffw9X
363,Justin Jones,"416 Nichols Stravenue, Adamshaven, MT 39136",+1-275-372-5610x09953,JSFKOPOh
364,Jacob Tucker,"97177 Miller Shoals Suite 265, South Christopher, PR 11512",001-298-860-5616x6798,QoLi4njM
365,Meagan Gomez,"PSC 2564, Box 7410, APO AE 42020",(485)903-7127,uDUZJhPj
366,Jacqueline Jimenez,"0892 Valerie Crossing, Anthonychester, VA 78550",001-528-411-9443x17177,attpgBy0
367,Matthew Herrera,"07281 James Bridge Suite 414, Coleshire, FL 10095",+1-779-343-8613x79127,w8k9l3cY
368,Ellen Stephens,"73954 Ryan Crossroad, Ericton, GA 80842",+1-956-860-3603x31108,ieqDSyTh
369,Natalie Diaz,"797 Sandra Motorway, Jenniferborough, PW 65884",(430)958-5174,04SEI7vz
370,Mary Johnson,"89230 Christopher Trail Apt. 418, Lake Stephanieborough, GA 92074",001-734-462-7919x853,wPjQs5nl
371,Barbara Sandoval,"740 Gordon Dam Apt. 556, Jimmystad, OK 80547",922-279-8951x40416,nYXNHKLi
372,Amanda Martinez,"5294 Scott Lake, Seanburgh, MI 24649",001-872-648-8353x421,tCOOpKPm
373,Joseph Reed,"69242 Pope Throughway, Port Kevin, FM 42795",249-461-8017x985,Q7r4kM6x
374,John Porter,"688 Kristy Shore Apt. 241, New Crystalborough, OR 50487",595.875.4078,Zgudc6BB
375,Jennifer Henry,"USCGC Taylor, FPO AA 24459",+1-378-847-4075x4134,bLWpqS8R
376,Keith Rivera,"1307 Pamela Drives, Lake Jason, WV 64704",864-896-9096x754,renkHdC1
377,Justin Robinson,"8649 Hart Forge Apt. 457, Gallegosborough, NH 72361",(821)667-4476x396,SFePWdmp
378,Kevin Montgomery,"82745 Theresa Path, Port Lauren, CA 46913",524-564-4262x0964,qYNfOoe2
379,Ryan Harris,"336 Andrew Port, Port Jennifer, IL 59647",+1-675-922-2946,kMC2LLHs
380,Lauren Mcmahon DVM,"623 Henderson Crest, Villarrealhaven, FL 21485",001-628-649-7966x61731,p5zUgmPp
381,Adriana Vaughn,"95496 Kristen Station Suite 388, Port Keithfort, NH 48799",325.694.5935x498,gYGDCiS7
382,Brooke Johnson,"197 Rachael Light Apt. 225, East Erikaberg, NC 09184",001-637-573-8635x2956,5JtsBjLQ
383,Maria Lewis,"7111 Ruben Creek Suite 771, Keithton, MS 67302",9042058124,Bq6oIXiO
384,Todd Johnson,"22243 Buchanan Courts Suite 028, Chasechester, WI 41563",+1-617-539-8491,li5yf0Sq
385,Michael Jenkins Jr.,"8972 Abigail Place, New Alexandriafurt, MH 21550",(300)855-6812,1zTxEJBG
386,Maria Fitzpatrick,"5533 Eric Mews, Kellyburgh, KS 31737",001-968-527-4816x9337,2d5BUOHG
387,Brenda Jones,"USNV Knight, FPO AA 10919",3199096547,QIVdqNL8
388,Samantha Torres,"02202 Beck Groves, Port Randall, HI 44216",001-383-517-2455,VJs5HhFY
389,Katie Carr,"USCGC Wilson, FPO AE 10014",914-460-7439x38155,6NLeqNYJ
390,Natasha Lawrence,"PSC 3413, Box 2811, APO AA 86071",(485)415-7100x300,obuu3hy2
391,John Wilkinson,"8079 Taylor Club Suite 674, Lake Daniel, FM 34955",420.215.9062x941,oXXtwBgH
392,Betty Stewart,"82777 Alexander Mission Suite 680, Brianchester, MS 55225",+1-517-891-0440x445,fu6E7RKe
393,Shelia Rios,"45039 William Causeway Apt. 185, South Angela, MD 23693",001-980-449-8436x93549,xsi4P6TO
394,Kristina Becker,"0342 Kidd Stravenue, West Aliceside, MS 88797",(893)223-3096x28753,TPMvqF5N
395,Kelly Braun,"419 Wayne Parkway Apt. 352, Tinaberg, MI 36691",8407110844,q2nBUdRV
396,Angela Hill,"7792 Hunter Street, East Debra, MD 04558",707.579.7650,QagMuT3x
397,Jennifer Harris,"239 Tina Coves, East Jessicaside, MH 54390",(217)842-7708,xbDVTbh5
398,Carl Garcia,"508 Monica Knoll Suite 750, Lake Brandon, VI 24609",888-358-6396,b5OqKKe0
399,Tricia Brown,"13014 Middleton Streets Apt. 070, Scottberg, DE 18727",(513)356-9527,p53qTKx3
400,Michael Gilbert,"94753 Eric Manor Apt. 977, Jacquelineside, SC 26560",845.276.9277x981,dFOZsX49
401,Richard Becker,"09958 Armstrong Island Suite 456, Hillbury, PA 99562",713-228-5829,MJUsEM1R
402,James Smith,"USCGC Cantrell, FPO AP 10367",410-842-3286x607,dyvcGR40
403,Sharon Obrien,"4377 Jeffrey Lights, Johnnyberg, SC 90580",753.709.7823x163,lpgeYWWw
404,Lauren Quinn,"33413 Griffin Stravenue Suite 870, Lake Mariatown, LA 94012",794-456-4834x36169,UeEK7GUN
405,Robert Garrett,"1606 Compton Hill, Tiffanyburgh, PW 62383",+1-778-928-9713x997,Y8CCPkcc
406,Debbie Krueger,"01659 Natalie Greens Apt. 914, North Charles, PR 63097",301.716.0685x9348,YD2y83RI
407,Amanda Phillips,"1944 Jensen Dale, Franklinfurt, CO 20342",676.942.1023,JMQT88Sc
408,Francis Doyle,"8047 Graham Tunnel, New Robin, NM 84052",+1-349-334-7933x0228,tcL8dbfd
409,Joshua Taylor,"1736 Bryant Well Suite 918, Lake John, MH 09438",(430)342-8395x36375,GdhEPecR
410,Maria Miller,"0712 Wade River Apt. 485, Ericfurt, AR 86786",260.531.2179x18358,BmPXOEsh
411,Tiffany Graham,"16894 Luke Dale, Brittanychester, ND 68995",454-622-7276x416,1vODrWu4
412,Cheryl Hernandez,"5564 Adams Port, East Christyton, LA 72464",394-987-6475,ZX1CSmeo
413,Brenda Floyd,"6964 Branch Road, South Kayla, AK 22908",321-478-5605x332,FgZ0gzyS
414,Jeffrey Matthews,"096 Danielle Greens Suite 559, Jasonborough, MI 70455",+1-943-947-0403x24483,ksq8sLlp
415,Terry Marshall,"3633 Griffin Branch Apt. 190, Sheliachester, NY 72812",5854535534,r2L5m4vm
416,Linda Sanders,"005 Rice Ferry Apt. 237, Matthewside, CT 63360",666.314.7763,6RRG1Nqy
417,Patricia Miller,"1510 Valerie Cape Suite 757, Williamston, MA 67481",781-262-6935,7Jrxyhid
418,Timothy Brown,"333 Rebecca Stravenue Apt. 001, West Mark, TN 13734",9906449980,v51s4tLB
419,Jessica Ward,"8179 Lori Locks, North Bridget, PR 93735",636-552-7953x951,TqCLBPva
420,Robert Davis,"PSC 3706, Box 1167, APO AE 47271",737.948.7969x0858,Ik8UssgY
421,Joann Porter,"65740 Turner Mountain Apt. 065, Lake Sarah, AZ 27321",323.657.2923x403,f3iEuUqx
422,Bruce Baker,"Unit 4045 Box 6788, DPO AA 23186",(901)702-3957x760,JkmdrAki
423,Stacy Davis,"554 Ashley Inlet Apt. 144, New Ambershire, ME 72947",2057132406,QL0Fazl5
424,Mr. Michael Cox,"8667 Reilly Springs Suite 297, Lake Patricia, HI 23359",7894984048,lNPRWVrM
425,Eric Alvarado,"200 Moore Port Apt. 275, West Laura, DC 69647",479-479-3105x656,3gJxyJcl
426,Melissa Smith,"1798 Rodriguez Drive Apt. 677, Port Brendaland, WA 63483",(458)211-5660x46953,Ej8qt0Xz
427,Tabitha George,"52005 Austin Canyon, North Julie, DE 02896",818.760.9541x015,wXfnJZzg
428,Paige Johnson,"2404 Jones Center Suite 836, South Mary, NH 13616",001-367-994-1988x027,sMSxK0WN
429,Tammy Jones,"205 Greg Bypass, East Jason, MT 92425",360-211-5506,Y14EHfHv
430,Perry Maddox,"69185 Tiffany Light, South Sara, PR 72978",8899466126,WZ8Qp6gu
431,Eric Kane,"58653 Heather Forks Suite 149, Williamston, DC 17595",+1-943-814-3077x374,Hr8LdtNO
432,Rachel Moon,"95597 Crystal Ford Suite 505, Kyleshire, NM 49018",(718)541-9591x90507,Nu4KvJom
433,John Johnson,"66099 Anthony Roads Suite 663, Christensenland, IN 37167",(717)375-7426,4lEt4XQR
434,Shaun Howell,"Unit 6526 Box 5096, DPO AP 27503",+1-266-830-4569x88780,eJmbjGp4
435,John Hale,"07535 Mueller Isle, Ericmouth, NE 86763",001-632-955-8121x23944,6VFC68xJ
436,Tommy Cooper,"2949 Patricia Flats, East Brenda, MA 62368",+1-757-230-8834x202,xoStjXyy
437,Eric White,"160 Zachary Viaduct Apt. 147, East John, NY 25384",2884134140,4f1FdtnP
438,Dorothy Davis,"53619 Joseph Stravenue, North Cassidy, VT 84029",811-878-6528x538,EORdGQq6
439,Jennifer Garcia,"25132 Clarke Drive Suite 551, Russellport, OK 12209",001-350-848-2424,jGdg8Zc4
440,Kerri Duncan,"63851 Kaiser Pass, East John, MA 17326",(946)923-1505,hl2kv14K
441,Tristan Clark,"41155 Thomas Garden Suite 784, North Kristenville, KS 31328",482.488.9445,oIHSA0nB
442,Theresa James,"14590 John Trace Suite 391, Amychester, MD 95967",345.604.9518x234,EshdGZmx
443,Patty Bartlett,"93309 Bond Burgs Apt. 846, Lauraland, MH 25244",(910)331-1411x1770,OszpQHZZ
444,Mark Herrera,"536 Brandon Underpass Apt. 684, Rodriguezstad, KS 60281",(997)815-8312x266,VLYX6Zay
445,Lori Knight,"96258 Castro Squares Suite 825, West Shanemouth, WV 51541",846.445.5998,11E5R0kb
446,Holly Williams,"9885 Steele Isle Suite 122, Hernandezton, KS 44061",608-523-6430x5174,GUP30by5
447,Thomas Sanchez,"9200 Hayes Plains, Port Christine, IL 43038",(583)986-2120,GoxfiqhT
448,Sharon Reid,"4322 Laura Valley Apt. 184, Woodstown, MP 57523",(875)876-6520x7270,pKt42jBm
449,John Benitez,"682 Mcdonald Cliffs, Travisport, PR 46001",689-235-7703x48935,JHxjQ3qG
450,Mark Ramirez,"896 Bowman Station Apt. 131, Lake Jacob, AS 94894",565.354.1692,5lUXlqnI
451,Jesse Jacobs,"USNV Horton, FPO AP 55464",(503)478-0992,TMLLhvEG
452,Ricardo Doyle,"7010 Fletcher Forges Apt. 350, Garrettburgh, VI 10309",966-201-2277x402,Crl0yaoj
453,Kelly Bolton,"5272 Kemp Crossing, Port Chaseside, DE 14621",225.511.6488x3323,VbeNZhHY
454,John Morris,"06345 Michelle Court Suite 369, Michelleville, DC 93105",207.585.4252x2852,82Mo0W60
455,Nicholas Ward,"83344 Antonio Gardens Apt. 793, Walshshire, GA 35888",262.576.0667,6si067i9
456,Dana Olson,"43345 Miles Radial, Scottshire, PR 42261",001-782-951-1043x2317,eBQ6Rnih
457,Tyler Smith,"440 Emily Square, South Nicole, UT 43288",5672554559,W5i3dm0L
458,Sandra Estrada,"187 Fritz Ridges, West James, AK 10155",+1-962-959-5985x95637,4UkuANjS
459,Kimberly Morrison,"7789 Reed Ford Apt. 087, North Kimberlyfort, WA 67339",728.527.2430x5786,Ho1tjiLH
460,Sandra Campbell,"USNV Eaton, FPO AE 45853",(546)406-6889,jw5Viqas
461,James Howard,"19672 Andrew Fort Apt. 846, Spearsside, WV 90305",710-701-3298,e3HypGvr
462,Sabrina Dixon,"892 Trujillo Gateway Apt. 643, Lake Donaldborough, UT 66633",314-793-2202x4946,QwXMxPOy
463,Diana Romero,"13030 Gerald Drives Suite 339, East Angela, AS 33624",+1-718-631-6051x4799,SfOUVtDO
464,April Mendoza,"19044 Allen Springs, New Julieshire, MS 02307",762-452-9383x648,cSgJnpyc
465,Danielle Huber,"370 Kristin Fort Apt. 932, North Amandaborough, WY 49480",5466936035,MqRhLS5X
466,Vanessa Miller,"27236 Steele Highway, New Danny, VA 18672",+1-265-665-8451x849,CAV8CW2p
467,Mrs. Tiffany Rodriguez,"02976 Ashley Vista, East Gina, AR 92259",405.916.2979x2990,FpCmlEFg
468,Gary Moore,"Unit 3425 Box 7602, DPO AE 72101",(657)731-3710x3426,kPrGMfEJ
469,Dr. Matthew Solomon,"80970 Sparks Island Suite 165, New Kennethton, OR 82974",001-479-610-7583x2419,qcpQHmNE
470,Kathryn Young,"65479 Bailey Isle, East Davidburgh, SD 71404",226.649.1724,Pardu0Pe
471,Michelle White,"635 Chris Plain Apt. 506, Port Elizabethstad, MN 45558",+1-877-968-4943,cwY7vbHK
472,Vanessa Thomas,"34116 Aimee Vista, Hollandton, FM 93328",+1-986-291-6993x20364,Z5uh8Uao
473,Stephanie Alexander,"487 Cynthia Rue Suite 866, Michaelview, TN 73151",911.437.2292x59293,4259e9oo
474,Jennifer Kramer,"104 Morrow Dam Apt. 470, North Loriville, KS 36719",+1-451-300-2273x916,8DvcLbRF
475,April Brown,"790 Jacob Path Suite 561, Moodyshire, MD 14732",+1-454-728-5655x48319,whw8Paer
476,Spencer Graves,"84726 Glover Skyway, West Patriciaborough, FL 20793",(684)841-1158x66347,oayu9wVs
477,James Martinez,"5013 Debra Estates Suite 988, Castanedaside, LA 64412",001-926-264-2118,qpFDbHNh
478,Amanda Mann,"146 William Keys Suite 176, Krauseland, MP 66488",001-267-275-6938x97641,zJvPNAAe
479,Matthew Lewis,"2595 Stephen Village, Oliviafort, RI 24446",(882)948-7837,MEykvXPu
480,Barbara Gardner,"4003 Schultz Estate, East Marytown, MP 10865",8417455615,dPtyn7Vm
481,Luis Munoz,"896 Clarke Ports, South Elizabeth, OK 59657",954.230.3937x8320,rqcgDJzS
482,Steven White,"28022 Clark Meadow Apt. 491, North Joeltown, ID 70182",+1-479-237-8611x2030,dlYCn3Wx
483,Andrea Bennett,"806 Olson Street, Port Benjaminhaven, AK 18655",001-281-200-5288x661,fKqHyLwz
484,George Farley,"288 Hickman Corners, South Denise, MT 97272",(885)887-0787,MVxoU0IN
485,Jessica Bell,"Unit 7096 Box 8235, DPO AA 61388",893-806-9654,dypMgjtg
486,Andrew Bullock,"8728 Eric Camp Apt. 078, Dustinland, CT 32747",+1-518-339-1232x06708,z3P0CIFd
487,Judy Wood,"USCGC Booth, FPO AP 53466",2922348267,8FN2Q6jb
488,Dr. Michael Roth,"PSC 3625, Box 6891, APO AE 46908",295-576-1180x01212,qzI4pSOy
489,Alexandra Baird,"23914 Figueroa Plains Apt. 930, Shannonland, HI 34184",(978)791-2257x1382,u6lQIrqN
490,Matthew Williams,"5293 Elizabeth Burgs Suite 011, East Spencer, SC 17714",(385)661-8342x015,FRCo8ukR
491,Lisa Allen,"61746 Perez Squares, Jenniferfort, WI 08469",518.273.5414x062,Od4v0mm5
492,Ryan Lopez,"91151 Frances Centers, Bethbury, FM 23888",(593)525-3824,geVF63n1
493,Stephanie Sweeney,"Unit 9823 Box 3249, DPO AE 64302",790-783-9127,gJePIItT
494,Wanda Allen,"432 Sparks Mission, North Sherryfurt, ID 13368",860-582-6711,kJ4Vu3Qz
495,Lisa Lawson,"447 Peter Neck Apt. 411, South Mike, ND 96641",(602)360-5474x417,F65K96Se
496,Michelle Rogers,"2946 Michael Prairie, Lake Susan, FL 14207",925.923.9155x785,ueyZ1tWe
497,Adam Ramos,"02342 Lonnie Plains, West Stevenstad, TX 08116",(959)487-6347x123,kPf3k89M
498,Jennifer Hamilton,"7014 Alexander Gateway, Barbaraview, SD 76466",676.337.9626x815,o44QbhKE
499,Elizabeth Wilkerson,"230 Janice Springs Apt. 661, Fosterchester, MT 68104",(205)504-1914x064,zvLObA22
500,Crystal Clark,"7950 Wagner Ramp, South Abigailstad, NE 09455",(631)868-0009,T3rfM2IL
501,Kim Mays,"699 Parker Garden, Lovefurt, NH 52874",580.562.8021x087,cyLjIQGf
502,Briana Martin,"6909 Odom Skyway, Christinafurt, AS 03821",+1-863-390-9304x07744,DRUeZzlt
503,Rebecca Jackson,"8299 Wood Extension, Madisonville, VT 00517",3898782349,Y2HfjKan
504,Connie Ramos,"Unit 9124 Box 9702, DPO AE 50550",585-319-4604,WjsEAm37
505,Nicole Patterson,"21128 Massey Green Apt. 266, West Nicole, MI 10675",523.635.2277,gMhezvrs
506,Ryan Todd,"76739 James Oval, West Karen, DC 89295",001-816-598-5132x50813,zdmoEszs
507,Mary Williams,"57709 Webb Green Apt. 131, West James, PW 47335",001-309-626-1516x63088,Ia5iyCGi
508,Christina Ramirez,"1138 Lisa Ridge, North Oscar, NV 26748",(832)496-8506x33750,UpRK09aN
509,Kristina Brown,"4828 Brenda Centers, East Stacy, IA 88734",001-354-748-7931x3941,QOTtIboj
510,Christina Gardner,"867 Foster Street Apt. 307, Jonathanmouth, IL 56044",+1-244-344-9181,pns9J0dr
511,Troy Williams,"8734 John Island, Camachochester, MI 34836",961.862.0855x75772,3rxscgjy
512,Jeremiah Bowers,"USNV Myers, FPO AP 62598",+1-642-355-8993x6235,7pWypYfq
513,Steven Howell,"27685 Breanna Pike, East Justintown, IL 67813",+1-332-719-2859x89520,tw2OMRzX
514,Michael Mercado,"70756 Pearson Trail, Reidville, MN 01492",254-989-8515x048,6ixLT2Hu
515,James Robles,"5482 Acevedo Union Suite 809, Lake Teresa, AS 52104",(881)954-4895,xcQyiTlJ
516,William Richardson,"964 Jonathan Mall Apt. 434, Murphymouth, PW 16630",323.520.2872x6728,jnvGUl7j
517,Matthew Ortiz,"94385 Schneider Cape, Laceyport, MA 74000",490-601-7000x532,Coy32vLH
518,Jeffrey Good,"79549 Ashley Plaza, Keithview, WV 58259",001-783-444-3892x8546,o2VAZ9OF
519,Ronald Shaw,"98459 Christine Islands, New Anthony, IA 70075",201-659-7531x233,SsR5F1fR
520,Edward Morgan,"5832 Young Fall, Haydenmouth, NM 43093",001-641-805-4149,4pgK2ZHt
521,Mrs. Samantha Chambers,"74469 Alexis Streets, East Nathan, MD 59014",(648)250-3313x062,1HLXNd06
522,Kelly Curtis,"672 Johnson Alley Suite 909, Erictown, IL 92334",001-826-459-1988x07290,PXZVDf3B
523,Caitlin James,"34916 Kristy Track, Stevenmouth, PW 28110",001-442-813-1767x369,4mTpYXrI
524,Shane Heath,"5104 Glenn Camp, South Tamihaven, ID 38355",232-876-4704x048,vQ2TJdjh
525,Charles Hall,"71571 Allison Avenue Suite 872, Kimberlychester, FM 50480",727-900-8387,jimlQQKJ
526,Michael Powell MD,"PSC 5362, Box 4064, APO AA 10434",(949)330-6242x76620,hYSWj1bS
527,Michael Miller,"USS Allen, FPO AA 30413",(788)218-3493,YR6giCmW
528,Elizabeth Smith,"387 Meghan View, New Amybury, KY 30316",(233)421-7675x1386,uTJlkk80
529,Shawn Dominguez,"525 Lee Row, Ellismouth, NY 47895",545-402-3556x409,5Boondwp
530,Jeffrey Jones,"621 Cheryl Vista Suite 270, Reneetown, HI 74072",4903296077,PQKsuzTw
531,Tracy Montes,"226 Mario Flats, Reynoldschester, AS 14818",+1-934-654-0312,0rmQxafq
532,James Johnson,"2678 Taylor Port Apt. 341, Michellefort, NC 78932",+1-415-356-2016x255,NmLRd5D5
533,Kristine Brennan,"346 Smith Lodge Suite 061, Port Monicaside, MO 35262",746.436.7190x436,QSHa1Kxv
534,Deborah Cook,"927 Avila Alley, East Davidtown, TN 13474",+1-645-268-0215x964,6KiU9Wa1
535,Shelly Jones,"0113 Crawford Plaza Apt. 982, Connorfurt, WA 38515",807-886-0876x6790,Uz3nXFVS
536,Angela Stevenson,"13174 Rose Mission, East Rebecca, NE 70014",001-292-973-6792x0489,DGV6RXr6
537,Christine Hernandez,"7061 Rachel Center, Davidfurt, ND 34534",(317)852-5380x1139,F5Cm1zLX
538,Danielle Callahan,"6216 Robertson Glens Suite 116, South Ryanview, NC 82346",650.630.3362x2840,7LGY2OEs
539,Julia Santiago,"803 Jessica Center Apt. 499, Port Amy, NE 35984",(648)806-0973,oQuzEWnh
540,Patrick Adams,"5710 Griffin Gateway Suite 516, Lake Brian, MD 10061",227-269-5065,7dnXkeu4
541,Andrew Carpenter,"1032 Nicole Islands, Ryanhaven, MP 16986",891.810.8706x17406,AqaEDPiu
542,Martin Richard,"8785 Robert Terrace, Nortonstad, CO 65169",+1-237-984-2941x175,3pW048bu
543,Jessica Hart,"44349 Wright Hills Apt. 992, New Zacharyside, AS 59167",(895)214-7150x498,nybPe8bi
544,Jeremy Mathis,"004 Hill Loaf Apt. 462, Harrisonhaven, VA 10143",369-994-6694,S8fMDoTR
545,Austin Ortiz,"USNV Brown, FPO AA 15501",+1-577-756-3437x2540,rv2GCE2N
546,Annette Lynch,"4389 Savannah Via, Penaberg, NE 17149",682-576-6103,WlevYh03
547,Erin Moran,"09194 Cristina Field, West Tracy, NC 76696",001-937-622-7654x37673,OpozgPOs
548,Amber Baker,"421 Luis Viaduct, Matthewstad, WA 53402",391.487.3655x285,Zbh0eY0D
549,Cory Jones,"3669 Johnson Vista, Port Sarafort, DE 78651",761.319.6111,FzXGcQre
550,Brian Jackson,"572 Daniel Square Apt. 539, New Andrew, MT 07337",416-838-4347x68944,QiKmpfum
551,Rachel Harvey,"76535 David Spring, Port Laurabury, WY 94953",(757)494-8553x57586,3gNm16qz
552,Kendra Hughes,"629 Beth Lodge Apt. 571, Port Matthewside, FL 12906",(235)256-0459x430,V0qm3idi
553,Jennifer Austin,"336 Rachel Ramp, Port Brandon, ME 20747",001-259-694-8606,PimayFdn
554,Brent Ellis,"06137 Stewart Springs, New Brettview, GA 63651",444.975.6180,k3rsuZ7A
555,Joel Webb,"43255 Alexander Circle Suite 059, Brandiland, OR 46863",(326)792-7121,fXwXABW7
556,Janet Santiago,"999 Dennis Point Suite 105, Lake Patrickmouth, TX 95684",+1-359-472-0090x0449,LaTFLDgf
557,Megan Carter,"6563 Allen Hills, West Lynnstad, LA 38699",210.527.2258,nm33JJb7
558,Randall Nunez,"2723 Murray Light Apt. 561, North Jennifer, MS 53662",648-603-8211x402,RIpIGC2R
559,Sandy Patel,"25466 Christopher Cliff, West Jamieland, OR 61308",8958755580,aaPKlrqK
560,Blake Reese,"PSC 5150, Box 0442, APO AE 99032",+1-582-391-2386x1702,vvPWQv9d
561,Brooke Mccoy,"817 Wallace Unions, Lindsaymouth, AK 80073",347.807.4193x2372,8eDtDQIt
562,Jeffrey Ortega,"773 Robert Prairie Apt. 179, Port Dylanstad, WY 35236",499.837.3104,x7ytt4Ac
563,Pamela Hanna,"08337 Joshua Mountain Suite 064, Jonesfort, VA 15201",7246915267,qtXROtMA
564,Joan Newton,"174 Tracey Village, Collinsmouth, MD 57829",653-873-7323x99089,OwRxgMn6
565,Michael Hall,"814 Bell Points Apt. 208, Ashleyland, NE 29710",323.600.9196,WDdGGDe3
566,Colleen Garcia,"73925 Carr Estate, Brandonburgh, AS 31031",+1-766-956-0191x1221,8IdYqdMp
567,Cameron Ramirez,"15192 Macias Key Apt. 619, Brianchester, AL 63334",001-771-214-2171x2815,deqgXqLN
568,Kurt Hodges,"742 Schwartz Plaza, Travisfurt, KY 08475",675-280-7660x689,Xm7bxVn2
569,Mark Quinn,"388 Johnson Keys Suite 402, Lake Pamelaview, WV 30987",(226)663-5211x24015,MUQd2u6S
570,Matthew Brown,"900 Porter Roads Suite 651, North Robertport, PW 13810",890.739.8726x5513,aftNR3eR
571,Bryan Kane,"PSC 9170, Box 2733, APO AE 11577",2309171625,dGp7nBND
572,Joshua Flores,"378 Raymond Lodge Apt. 465, East Christianmouth, MS 79238",(346)460-1044x0786,ZDzyHA08
573,Monica Brewer,"195 Dylan River, New Joe, IL 84077",987.286.1703,784M3Lcp
574,Alan White,"81753 Harold Haven Apt. 477, Glassmouth, FL 16247",+1-299-205-1059x528,zZoIzpkY
575,Ms. Kimberly Weber,"87589 Jodi Mountain Apt. 678, East Benjamin, NJ 48413",001-861-673-8529x1713,6MMEDHCI
576,Kevin Vaughn,"010 Michael Cliffs Apt. 249, Anthonymouth, AR 26545",+1-485-975-7816x3362,nnQuVH1x
577,Jillian Mays,"8653 Thompson Shoal Apt. 176, Aprilchester, OK 31833",+1-233-736-5332x595,oet1AFUg
578,Valerie Rivas,"26985 Douglas Isle, West Paula, VI 74805",(706)506-0390x0317,9YBAwBDX
579,Tammy Nelson,"602 William Canyon Suite 926, North Jenniferstad, NE 62691",+1-564-424-8485x05627,2d2ZOL5P
580,Maria Brown,"7326 Thompson Bridge, Danielport, VT 27980",638-686-4958,7z7HOBRR
581,David Anderson,"3930 Garcia Square, North Christopherside, WA 32725",+1-564-243-4091,ir1IK65G
582,Sara Gallegos,"21540 Baker Squares, Amandamouth, VA 26234",461-706-0070x9791,OGck0nSg
583,William Hicks,"48748 Richardson Island Suite 112, Marquezbury, GA 38434",710.680.5880,MsoZ3XlL
584,Jared Wright,"3842 Oscar Crossing Apt. 259, Aguirreland, IL 18548",447.740.5329x1040,nfLJs4oC
585,Michael Clark,"8370 Amanda Mountain Suite 592, Bryanton, AK 41861",544.441.2793x16356,QfLntl4v
586,Brenda Watts,"666 Smith Square Apt. 615, Tanyamouth, TN 58683",001-941-923-0039x5256,MxiTJuIr
587,Pamela Thompson,"469 Mcintyre Forks, Laceyborough, IA 30224",(475)401-6265x207,F6bFAJj1
588,Holly Hanson,"4353 Miller Forges Apt. 154, North Kimberlymouth, TN 42459",622-601-4267x62577,FKoZwWUG
589,Gail Davis,"5169 Montgomery Wall Suite 022, Shannonfort, NH 87237",+1-366-953-1526x192,SlzNQYvz
590,Todd Boone,"760 Barbara Prairie Apt. 545, Jenniferhaven, MH 06161",679-263-6137x566,dt6UYTii
591,Cynthia Hoffman,"USCGC Wilson, FPO AE 41408",986-573-9633x135,UXw07zN8
592,Troy Smith,"587 Marcus Crest Apt. 520, North Travisberg, NV 55582",999-484-3761x54426,rTHtq50a
593,Nathan Jones,"06624 Thomas Union Suite 446, Port Michael, MP 24193",778.814.9436x614,X7eyHtbj
594,Tonya Navarro,"10294 Bill Course, Danielmouth, AR 42122",4662218059,ld7BB7d5
595,Jeff Porter,"7186 David Neck, Lake Andrea, AR 15593",681-664-7488x6950,gGEH4Baw
596,Olivia Page,"5379 Sherri Plains Suite 214, Millerhaven, MD 03816",3555105302,hFdIphga
597,Mary Leblanc,"628 Bowen Spurs Suite 402, South Kurt, HI 78928",765.637.9453x2296,ZDL1Q0qo
598,Anne Torres,"867 Jaclyn Court Suite 618, South Brian, MP 44196",(231)520-3702x543,OMMQI9ta
599,Erika Dominguez,"USNV Robles, FPO AP 49370",+1-987-817-5964x489,lgOCjCdo
600,Anthony Matthews,"8115 Colleen Divide Apt. 353, Rochaland, OK 76224",236-354-2250,OmS4zw6L
601,Kevin Roberts,"18445 Poole Stream, Fullerfurt, AR 20864",(941)577-6013x120,plrurfjA
602,Shawn Parks,"79331 Cooper Springs Suite 057, South Mitchellhaven, GU 70608",6329630459,XESUYawN
603,Heather Kirk,"1813 Porter Street Suite 550, West Jamietown, OH 68219",+1-879-538-5586x8978,hVynKcMr
604,Brian Carey,"25410 Nathan Circle Suite 475, East Christophershire, HI 99144",001-284-654-3288x207,LhbJ8aJh
605,Jared Miller,"PSC 3039, Box 9465, APO AA 39139",301.534.7147,DHpTDqAV
606,Christina Perez,"7855 Fisher Pass Apt. 237, New Jeremyfort, KY 74613",838-605-1316,p2C38wKl
607,Kara Shaw,"95869 Villarreal Squares Suite 219, South Stephanie, PR 01159",(371)204-3981x0972,uCPDloRw
608,Eric Hall,"44695 Lynn Way Suite 312, Cohenchester, MI 61086",(539)806-7909,qtmDXkv5
609,Brent Dixon,"3993 Christopher Center Suite 345, East Colleen, UT 58983",001-650-919-4689x4113,uGkpeMgS
610,Karen Nelson,"PSC 4132, Box 2503, APO AE 24679",8933637590,8YvJCmXz
611,Taylor Robertson,"Unit 6472 Box 3619, DPO AP 87313",+1-512-819-4372x444,wMAHD0Cc
612,Linda Johnson,"Unit 7788 Box 6086, DPO AP 71937",001-597-946-5705,PXtBHEpv
613,Cathy Wright,"13943 Mckay Drive Apt. 702, North Matthew, ND 80376",560-804-2017,Q0li9lPV
614,Shane Ellis,"2062 April Parkway Suite 978, Jacksonshire, NE 96590",+1-653-383-3104x45294,RMwkDbM1
615,Eddie Evans,"547 Yvonne Cliffs Suite 801, Ashleyton, MI 49462",725.296.9928x5455,yYW51XXs
616,Benjamin Boyd,"35762 Jennifer Isle, Stevenfort, ND 98126",+1-890-279-8749,d63HnQTM
617,James May,"27621 Rodriguez Plaza Suite 212, Estradatown, VT 89409",+1-999-671-6649x332,NzkGH4Vt
618,Adrian Shaw,"299 Brian Mall Suite 021, West Stephanie, CT 57577",523-820-0943,c7WBc0Sg
619,Katherine Hernandez,"37624 Brooke Village Apt. 623, New Zacharymouth, ME 07806",748.677.0611x1381,NjOq8T2l
620,Caleb Taylor,"4213 Gonzalez Mountains, South Erin, GA 93256",001-964-972-1956,5VAtzZQd
621,Jesse Greene,"855 Elizabeth Corners, New Brian, CT 00855",962.743.4753,skdHeZ0s
622,Thomas Terrell,"47381 Tracey Shore Apt. 932, Millsbury, MT 97239",(412)491-5958,8zoIaG8g
623,Richard Stafford,"072 Day Tunnel, Ericashire, GA 66079",453-522-9079x754,fqg5Oasc
624,Judith Hamilton,"46150 Rivers Unions Apt. 054, Youngport, OH 05383",535-292-3764x052,tciibm7x
625,John Martin,"271 Bishop Cliff, West Ashley, WI 37223",001-907-557-0611x2571,KKJHn8qc
626,Jeffrey Greer,"975 Kimberly Gardens, North Stephanieport, ND 35085",(567)366-5823x36068,zmyZf9jZ
627,Christina Mcgee,"394 Martinez Fall, Burtonview, PA 87568",(994)695-0141x913,qDQB1tYu
628,Nicholas Richardson,"7854 Austin Stravenue, South Joshua, WV 71085",(862)891-0005x79311,Y71C4b7L
629,Stanley White,"8789 Singleton Crossing, Anastad, NV 60385",347-974-3568x789,SJedwzyl
630,Bianca Friedman,"2937 Bryant Ports Suite 086, New Andrew, MH 53310",225.845.2268x066,ErUxoxfj
631,Jordan Rivera,"PSC 9961, Box 5896, APO AA 72964",883-252-6685x86820,9WYFETAo
632,Benjamin English,"Unit 7017 Box 5475, DPO AE 09224",(447)649-8507,BUFJXhr1
633,Annette Myers,"827 Christine Isle Suite 221, Tinafurt, AL 11492",322.680.5594x6496,6t9Ne77L
634,Lisa Mendez,"Unit 2133 Box 3290, DPO AP 50018",200-676-1619x492,GmFwdmtl
635,Gabriel Gentry,"715 Ashley Ramp, Elliottborough, SC 71505",(670)655-3385x8071,EBhgQOx5
636,Caroline Wright,"531 Wright Estate, Mollyville, MH 77172",+1-438-639-1741x181,uiWXxcB4
637,Jennifer Ford,"42414 Timothy Shore Suite 046, South Johnborough, NJ 97574",+1-349-363-9393,noJ5NrVI
638,Tony Jefferson,"394 Weber Parkways Suite 478, Lisaville, NC 24349",592.928.9761x982,NnBNF8Zh
639,Lindsey Griffith,"Unit 7245 Box 2891, DPO AP 60979",001-377-637-0571x631,evw96ttl
640,Joseph Caldwell,"7615 Stephen Groves Suite 963, West Catherineville, IL 64777",631-377-9002,yMTTgqVI
641,John Morrow,"9990 Denise Curve, Lake Adam, MI 28507",537-314-8324x52105,jwDYbOUM
642,Terri Mendoza,"381 Michael Plain Apt. 345, New Amber, RI 16990",001-351-507-0485x4637,YihQqdgT
643,Amy Pugh,"51822 Erika Circle, Lauratown, MI 31200",515.821.9896,sIxT67n2
644,Ryan Barker,"0542 Connor Stravenue Apt. 817, South Jamesside, NH 23228",555.904.2183,FXcagC1c
645,Erin Garcia,"01620 Olson Light Suite 624, North Hunterborough, CA 58709",(241)246-6291x96730,Mg9QlCTL
646,Jesus Hall,"73425 Combs Throughway Suite 163, New Jack, WV 36375",001-340-392-2672x202,bsKOALaq
647,Katelyn Ellis,"10403 Patricia Drive Suite 831, Port Kristinmouth, PW 11352",001-998-924-3568x757,m0vwrIlq
648,Michael Perez,"675 Martin Streets Apt. 028, Andreahaven, WY 13700",001-469-718-7301,KWKHa81u
649,Levi Craig,"731 Hurst Spurs Apt. 594, Lake Cherylbury, NC 14567",295.823.1354x80405,8AH4IZwo
650,Heather Garner,"5419 Butler Falls Apt. 994, West Sylviaport, ME 19164",(869)472-7326x2240,pEnG2RLU
651,Shannon Thomas,"3897 Heather Stream, Grahamland, AS 62268",001-678-772-1815x764,8UlJvcLw
652,Amanda Carroll,"6874 Wright Shoal Suite 468, Tammyton, CO 93170",564-437-6363x7526,4MRy5QpX
653,Diane Phillips,"9811 Johnson Ville, Salazarchester, HI 28813",(222)256-8790,27weLmVW
654,Philip Barrett,"061 Veronica Motorway, New Michael, WA 62751",001-942-472-9354x5095,noooU346
655,Joseph Ortiz,"2951 Amy Fields Suite 959, Lake Sethberg, VI 12816",2707178459,967w5LzD
656,Martin Watson,"09146 Kimberly Fall, Kathleenberg, CA 37484",+1-816-498-4428x8296,FtdxR7mG
657,Kelly Frye,"02151 Michael Road Apt. 352, Hernandezfurt, AL 20197",+1-373-353-0727x3243,fbl58l1A
658,Vickie Tran,"USNS Foster, FPO AA 57102",001-994-424-9578x084,GdwPVbtx
659,Mikayla Rodriguez,"864 Newman Radial Suite 652, Millerburgh, VI 40586",391-374-1471x7472,zL8h0G4N
660,Paul Caldwell,"9141 Robles Ferry, Millerview, NV 28747",821-360-8497x2311,InHybHzF
661,Kathleen Price,"031 Perez Ranch, Obrienfurt, WI 27413",001-496-540-9177,RNTkxqob
662,Dawn Dorsey,"7646 Murray Shoals Suite 576, West Melissa, WV 35323",5285739057,ul0O7Jsv
663,Mr. Nathan Humphrey,"703 Peters Ramp, North Lisa, SC 28500",755.423.7398,sumxBUFf
664,Angel Patton,"15056 Katherine Summit Apt. 079, Lake Kennethmouth, NH 92644",(451)517-3961,gLLrEdmE
665,Ashley Sims,"8856 Williams Squares, Port Lisahaven, SC 99131",(335)754-1230x63957,QOJPJTmg
666,Brian Harmon,"60375 Kyle Islands Apt. 049, Victorbury, IL 38077",306.742.1760x416,TgnDY0du
667,Anthony Ellis,"35504 James Ramp, East Stacey, SC 04444",+1-363-649-3132x43723,VimFrGuS
668,Gregory Carpenter,"2558 Ramos Lights Apt. 316, West Larry, NC 24813",471-672-9940x3320,sHELi7TB
669,Robert Wyatt,"21838 Gates Centers, West Tim, NM 61613",755-473-0018,x66RpWVc
670,Emily Perkins,"5237 Troy Estates Apt. 514, New Josefurt, PR 95561",+1-746-859-5822x5751,yNaSGaAx
671,Bradley Henry,"56388 Mcclain Greens, Nicoleburgh, GU 95605",(769)400-3516x48890,eb99GFY3
672,Wendy Estrada,"13942 Dunlap Neck Apt. 358, Port Natalieland, NV 56417",614-889-2063x2518,nwDJCXTV
673,Rachel Green,"56354 Brandon Track Apt. 874, Lake Frank, MS 86845",+1-318-711-9809x4340,5932Qpo3
674,Robin Mason,"0283 Wendy Lake, South Alexiston, MO 38281",557.624.9971,1BgZbyry
675,Amanda Taylor,"9992 Marshall Station Suite 740, Susanmouth, GA 54404",+1-670-318-7707x34169,lt31S3zA
676,Craig Kelly,"7418 Jennifer Forge, Angelicamouth, KS 45032",658.307.9487,PMsdzzaW
677,Corey Owens,"USNS Coleman, FPO AE 48368",320-607-8793,hYom8aRI
678,James Jackson,"51279 Suzanne Station, East Melanie, PR 71138",(500)404-9681,UoBf8Ofl
679,Alexis Stephens,"7589 Bond Village, Gregoryfort, OH 27414",941-872-6947x92585,NhZqjYbk
680,Devin Hawkins,"94263 David View, Sherryhaven, IN 09371",+1-847-633-9297,3naakwZ9
681,Leslie Roth,"887 Edward Bridge Suite 614, Brandonbury, MI 68482",218.466.5550x9651,TufzmdYB
682,Teresa Moore,"6944 Jeffrey Prairie, New Theodoreside, IN 97160",001-304-798-9771,GkG7dKql
683,Darren Stokes,"3498 Carter Street, Port Alexandriafurt, ND 92307",373.248.8480x438,MeTGpIGH
684,David Jones,"27366 Amanda Burgs, North Jessestad, CA 14161",857-492-8263x9257,yuKemrMG
685,Brandon Henderson,"94278 Lindsay Springs Apt. 174, West Richard, WY 97999",001-857-626-8553x5376,R3vpTTiu
686,Andrew Smith,"436 Judith Roads, Jasonmouth, NJ 34514",001-989-801-9864x567,zLonSjs0
687,Jeremy Long,"23523 Castillo Orchard Suite 887, West Patrickburgh, MH 05162",852-521-8884,XZ6RmG61
688,Darrell Cline,"9155 Martinez Landing, East Emilyland, WA 91081",+1-244-824-7756x841,UBf8hJ4G
689,Steven Fowler,"62136 Beard Light, New Judith, MI 58729",+1-874-367-2797x9221,NKdRBNuE
690,Michelle Johnson,"PSC 5627, Box 4944, APO AE 08470",603-666-4976,qyj4z83N
691,Faith Miller,"5688 Singh Lakes, Wilsonhaven, MA 73414",+1-688-971-4136x7070,VY5Q3cYc
692,Manuel Sanchez,"5323 Miranda Circles, East Dustin, VI 15600",982.914.4506,2IfVnCBz
693,Megan Arnold,"254 Jessica Square Apt. 747, North Daniel, NE 49200",001-811-681-6355x80363,AtWMVBl6
694,Lawrence Summers,"05804 Cole Ranch, Davidport, DC 75416",(699)553-8616,GERtlVav
695,Gary Cole,"USCGC Lawrence, FPO AE 87535",(459)304-9158x03930,Hf4cQpyH
696,Jennifer Turner,"166 Banks Stravenue, Williamsmouth, MI 48164",897.728.0456x906,Gfi6StSE
697,Cynthia Hall,"565 Kevin Villages Apt. 787, West Reginaldside, VT 15378",+1-885-541-6281x137,tDz12gvg
698,Natasha Li,"23531 David Springs Apt. 376, Lake Kimbury, TN 08574",229.221.4634,Wkea98GG
699,Brandon Franklin,"7092 Cheryl Spring, Andrewtown, CO 05852",+1-537-421-4008x070,RrQt3fuX
700,Amy Padilla,"49610 Atkins Village Suite 465, Jasonport, WI 74157",525-224-9646x5494,4pPGQRQC
701,Thomas Parks,"05783 Karen Viaduct Apt. 027, South Thomas, AL 24775",+1-870-939-3227x258,pWMRWm8x
702,Raymond Costa,"PSC 7430, Box 5609, APO AP 38422",+1-595-864-8697x4016,ahKOOFoS
703,Sonya Aguilar,"514 Tina Parks Suite 462, South Kimberlystad, IL 97425",001-357-860-4096x1101,rGEjxAqx
704,Teresa Lawson,"9711 Tristan Road, North Erinmouth, LA 06648",+1-408-776-5307,GBzX7xLk
705,Stephanie Wright,"36347 Jamie Plaza Apt. 286, Nicholasport, WY 00745",536.434.0604x29389,rSb0N57J
706,Charles Wolf,"6686 Robert Park Apt. 069, Michaelshire, IA 22826",3673912613,pVGZ2Avl
707,Karen Patterson,"455 Paul Via Apt. 231, Port Jody, MS 34875",(968)677-2061x1870,EfHjb5qz
708,Christine Garcia,"217 Michael Road, New Michael, NE 31623",2268334844,KymN49R7
709,Dr. Ann Schmidt DVM,"48553 Tina Crossing Suite 288, Robintown, CO 77075",974-750-5422x0406,gqSgf85x
710,Sara Franco,"823 Jennifer Trail Apt. 226, West Sally, OR 17657",9086102865,NSUfOQVM
711,Carl Melendez Jr.,"3714 Page Trafficway, New Nataliemouth, RI 80093",261.976.4183,bZwDNi2y
712,Morgan Vang,"55392 Oconnell Drives, Brewerview, CT 47472",(271)782-2070x546,UigDA3ly
713,Amy Osborne,"23018 May Lodge Apt. 141, West Ashley, FL 24772",9179181503,TXwIFAmM
714,Erika Lee,"805 Smith Points, Adamschester, SC 97605",392-823-5334x69604,x15aHRv8
715,Christopher Mills,"39296 Cassandra Rest Apt. 843, West Michael, NJ 98081",001-623-291-5892x88861,UnQcmQYV
716,Mrs. Jennifer Osborne,"4910 Michael Grove, Andrewchester, AS 20325",001-808-402-2409x2174,UR6TNW3l
717,Ray Moore,"3144 Krista Mountains, Floreston, MP 74072",348-979-9205,koRplPKk
718,Heather Owen,"07857 Laura Turnpike Apt. 894, Lake Justin, TN 19038",5859170408,2XbUY8v0
719,Michelle Russell,"673 Kimberly Oval, North Brett, NY 62272",001-637-727-4670,ZhS5YKU9
720,Antonio Levine,"771 Jacob Square Suite 530, Rodriguezchester, WI 29736",(231)367-9668,PjzQGHIx
721,Stephanie Chung,"048 Mitchell Tunnel Apt. 685, East Tonyburgh, MH 53125",+1-385-631-6458,447yn5ye
722,Gregory Melton,"6612 Alvarado Terrace Apt. 575, Hughesfort, HI 28706",001-593-697-4105x74629,EVaMspsE
723,Veronica Carr,"453 Mitchell Forge, North Sabrinaland, IL 69899",761-449-2828x53451,mqNYWodo
724,Andrew Juarez,"80023 Peterson Springs Apt. 145, South Alecfort, KY 97702",651.526.6461x99716,BkJ7ZNcT
725,Stacie Martin,"680 Coleman Estate, Hoffmanchester, TN 07824",6164326565,3LjWbqq6
726,Wanda Rogers,"PSC 8661, Box 2923, APO AA 64090",(212)297-9434,tYY4HNn2
727,Megan Francis,"65929 Michael Spring, Lake Lauriemouth, VA 90143",6967940237,fR1Bxc8y
728,Charles Kennedy,"277 Ochoa Ridges Apt. 481, Potterbury, AL 30897",+1-535-284-2571,ouguwzGb
729,Jason Clark,"3206 Cole Course, South Jeffreystad, PW 97487",955.419.4116,gngyEwC0
730,Michele Murphy,"37744 Conley Villages Suite 255, South Jocelynland, OR 64223",+1-422-399-3341x9098,grYtQHNo
731,Peter Martin,"498 James Summit Suite 167, Dianaside, WA 17005",992.694.3183x15396,uz7IUI8h
732,Erin Powers,"289 Sparks Route Apt. 175, Kennethton, MS 68999",743-533-1706x5509,ZHBZgRNZ
733,Richard Murray,"968 Frost Locks, Port Jacksonchester, RI 51252",448.894.0335,ypdQbqxL
734,Ann Robinson,"PSC 6174, Box 8804, APO AA 58271",(757)442-3760x85126,QH4aDSuH
735,Zachary Hanna,"Unit 5395 Box 4737, DPO AA 93548",001-258-346-4677x630,72TD6kSM
736,Lisa Daugherty,"29968 Miller Lakes, Port Jessica, OK 96161",+1-671-987-3611,z90gDkBo
737,Anna Miller,"USS Phillips, FPO AE 06811",895-663-8369,YnCmHCS3
738,Antonio Brown,"1011 Miguel Crescent Apt. 828, Armstrongville, MI 89225",(936)202-1955x66152,8YXZG0Ln
739,Gary Friedman,"426 Jessica Inlet, Bethanychester, OK 17916",768-736-2826x16469,dTbysx6k
740,Tyler Day,"3886 Harris Plaza, Port Melissa, PR 66157",(367)769-4068,MeXtfgP5
741,Phillip Smith,"559 Danny Squares, Gonzalezshire, GA 23189",432.287.7600,aBPx9Vso
742,Thomas Crawford,"65551 Mary Pike, Lake Bethville, VI 89425",(303)257-3416,41WNSciL
743,Seth Fisher,"341 Black Manors, South Grantport, WA 64685",(676)689-2824x3547,wgaosMzY
744,Michael Smith,"384 Holmes Point Suite 784, Ortizmouth, LA 02220",226.547.4902,TPm4FOzf
745,Cynthia Shepherd,"785 Pham Lights Suite 936, Sandersstad, IN 48576",(203)616-1995,iG4byKKo
746,James Castro,"51568 Sweeney Meadows Suite 169, North Lisaton, AL 17779",241.383.4924,i1PAxOsu
747,Joseph Wise,"980 Bryan Ports, Robertland, TN 87045",001-870-543-1943,vpdnuHGq
748,Sonya Galvan,"5481 Garcia Union Apt. 850, Schmidtchester, MS 36408",675.577.6784x50911,APU3fTCL
749,David Wilson,"PSC 9011, Box 5047, APO AE 54985",554.512.7955x89219,RwaQgzsM
750,Ethan Miller,"52586 Young Squares Suite 740, Marybury, HI 87586",+1-397-434-2401x1066,SVl1SNG2
751,John Weber,"160 Aguirre Ridges Apt. 032, North Alex, GU 24713",521.596.0111x886,9L7busMS
752,Kelly Stone,"6566 Phillip Knolls Suite 283, South Christineborough, IN 65046",334-818-7090x1375,eLmhQZZz
753,Julia Rhodes,"21324 Nicole Crossroad Apt. 559, West Crystalville, HI 44657",001-571-876-4190x792,ozA4wJGt
754,Angela Miller,"PSC 9271, Box 5018, APO AP 64547",888.996.8200,p228k9JK
755,David Thompson,"PSC 1350, Box 4262, APO AE 54371",339.815.0598x51313,KYh7zoAe
756,Kari Marshall,"PSC 8993, Box 1475, APO AA 06900",+1-444-833-0234x0243,zEzHzTKj
757,Alicia Cain,"PSC 8978, Box 2682, APO AA 03192",710-527-0810x222,PZyFoWuW
758,Mr. David Turner,"593 Pope Parkways Suite 271, New Peter, NE 81413",511.421.3874x52781,bst4H7N7
759,Eric Anderson,"Unit 1971 Box 3840, DPO AE 96801",404.825.3539x1219,LIYm3VAO
760,Steven Green,"95486 Fowler Lodge Apt. 551, Christopherchester, AZ 18601",+1-334-566-7953,HAAdFDEF
761,Amy Bolton,"07493 Timothy Square Apt. 054, Meganside, MI 56000",536-901-5374x1339,K38iGGme
762,Charlene Jacobs,"890 Dan Forks Apt. 498, Port Carl, KY 74801",879-629-8593x05969,UMDytnqr
763,James Smith,"2794 Patricia Row, Caldwellport, AZ 60364",001-715-794-3348x83758,DhoR9ubu
764,Karina Mccormick,"019 Ryan Circles Apt. 359, New Dennistown, VT 12515",(735)234-4127x004,GE25AK4i
765,Tonya Schmidt,"481 Williams Throughway Apt. 800, Mccormickhaven, MA 26788",+1-421-280-5620x448,ZsLLxM1K
766,Jacob Clements,"943 Velez Shoal, Henrytown, FL 98389",988.980.1768,3fF1pDLy
767,Jason Mason,"71212 Peterson Passage Suite 347, Amberton, WY 15430",289-981-4008,1P4O93Ec
768,Katherine Reid,"1761 Francis Manors Apt. 887, East Jenniferchester, VI 18806",909.872.8356x356,bnWfGNjP
769,Alexander Krueger,"14619 West Avenue Suite 201, East Miranda, KS 65689",(983)630-7938x7933,RvMuxqnA
770,Joshua Villarreal,"822 Conway Grove Apt. 150, Port James, WV 15259",+1-256-258-0786x061,U4wroOgB
771,Jamie Novak,"767 David Brook, Graveston, TX 82153",(298)914-7280x3111,2pTRE7Zg
772,Austin Pratt,"942 Brooks Alley Suite 857, Christineborough, CO 19038",001-552-267-9108x671,iuWmMuXZ
773,Joseph Hess,"30777 Smith Hills Apt. 167, New Shaunstad, AS 12802",(396)622-3742,pZHqqp4k
774,Theresa Johnston,"Unit 9088 Box 4831, DPO AA 95666",001-528-723-4594x4025,zf1eia54
775,Pamela Davis,"108 Autumn Well, South Peterport, NV 61318",(999)715-2490x1096,rEz2wMI3
776,Danny Davis,"2006 Raymond Wall Apt. 539, Michaelhaven, FM 16819",(705)369-1437x3257,ak09CwxF
777,Corey Smith,"0157 Alexander Throughway Suite 828, Heatherport, GA 71275",351-883-5874x4546,ce7jS2SL
778,David Johnson,"Unit 9854 Box 3471, DPO AP 49911",954-266-6698x5086,f5PuoBHc
779,Carol Berger,"4438 Brenda Mountains, Campbellfort, GA 05160",001-663-254-4863x29166,Z27iyLfI
780,Albert Sandoval,"57845 Foster Valleys Apt. 702, Gonzalezhaven, NC 00804",(453)708-1165x9106,GSl0fMGB
781,Michele Holden,"403 Wallace Light Apt. 866, Stewartside, PA 32872",+1-258-540-9837x901,MxOAlW8F
782,Shane Manning,"5529 Ward Mission, New Lauraborough, PR 21194",205-805-3984,9IIFBb6r
783,Joy Ryan,"5524 Lisa Estate Suite 184, Amyfort, MP 52421",001-987-374-5743x6936,UyAdg0E2
784,Erica Woodward,"755 Richardson Motorway Suite 753, Michaelfort, WV 12004",+1-660-399-3818x988,0nc5Oy4k
785,Ronald Ford,"663 Deborah Turnpike, South Autumnshire, DE 21904",334-940-6218,n6thgkWn
786,Joshua Garcia,"978 Grimes Green, Spencemouth, WA 66410",+1-301-904-8323x4646,cEpNsj5h
787,Megan Fowler,"604 Jerry Cove, Port Joshua, IL 40085",+1-770-866-9648x39007,eAc4abzA
788,Brian Henry,"85639 Snyder Camp Apt. 229, Howardland, MO 63444",421-771-9527x68908,HvzrsrWj
789,Zachary Harrell,"9608 Hannah Walks, Petersfurt, ID 43067",580-503-3546x5303,7LoBjoCx
790,James Rivera,"296 Berger Row Suite 202, East Chelsea, NV 86116",354.659.7575x1272,B5AbdmMu
791,Ryan Lyons,"5310 Suarez Fords Apt. 538, Lindastad, HI 63997",220.871.4463x01733,WtDkMY20
792,Ruth Sanchez,"74468 Harper Center Suite 037, Port Josephfurt, NM 71628",524.583.9838x18760,EnsSns98
793,Jessica Gonzalez,"48782 Daniel Park, Carterview, FM 45983",001-939-221-5830,gLxcbHiq
794,James Hunt,"48022 Hughes Mountains, New Mary, ND 45150",(841)685-5115x5676,ugof1kgu
795,Derek Phillips,"0610 Lane Walks, West Chloe, FM 91271",+1-481-925-8801,uhAcN48h
796,Theodore Cook,"0272 Daniel Row, Lake Melissafurt, AK 11180",331.529.8138x2535,8Fkhh2dW
797,Steven Robinson,"848 Michael Glen Suite 849, Campbellville, SC 21247",739.408.7967x29608,2xHyz4ss
798,Ronald Moore,"PSC 3141, Box 7978, APO AP 33970",798-651-5474,KRLESgPQ
799,Terry Roberts,"9769 Garcia Isle, Lake Taylorton, AZ 13331",3269576854,OaYOMVOD
800,Joseph Reed,"95237 Erica Club Suite 489, Port Maryfort, OR 94650",+1-856-915-7457x665,q8I7tPey
801,Angel Davis,"361 Hall Via Apt. 575, Nielsenshire, AS 12720",001-939-624-6753x6136,K5WG9c9y
802,Gavin Duran,"USS Washington, FPO AP 47991",001-933-919-0988x768,woZkNq29
803,Timothy Anthony,"738 Patricia Mountain Suite 009, South Scotttown, NH 55348",230.264.1850x08703,2AdRvCtQ
804,Eric Harris,"4992 Wilson Union Apt. 538, South Ronald, MD 63568",245-835-1009x26718,Ce04q2ac
805,Brittney Cummings,"25944 Lauren Via, Robertbury, NE 84174",(303)370-9549x728,gEerR3pV
806,Kenneth Stark,"870 Taylor Views, East Lisa, NJ 29108",288-462-7745x429,269i0BtL
807,Charles Calderon,"55087 William Cove, Myersfurt, CO 31216",9229901694,vnmsxPL3
808,James Richardson,"63718 Robert Causeway Apt. 692, Lake Anthonyshire, MD 38507",001-729-841-4422x5928,ZA8PyA0h
809,Gregory Brown,"282 Robert Freeway Suite 519, West Destiny, IA 30642",881.891.2803,z8WKkQWH
810,Francisco Mejia,"2724 Rodriguez Fall Apt. 209, Davidburgh, WV 31897",959.433.5789,TwniLFxO
811,Nathan Vaughn,"781 Buckley Street Apt. 935, Allenville, WY 95134",373-454-8260x80001,fzdmFSLw
812,Kayla Fuller,"Unit 2206 Box 5887, DPO AP 70020",001-265-589-5899x05202,CAeYvXWG
813,David Miles,"52388 Perez Trail, North Christyland, WY 45432",384.965.3006,FfdBNGHs
814,Amanda Palmer,"PSC 5439, Box 2393, APO AP 88537",4727809994,w9yDi1Kq
815,Amanda Cruz,"3917 Castillo Cove Apt. 933, Riosmouth, MI 57788",(425)551-8907,UfEMyal5
816,Robin Nguyen,"679 Smith Shores, Mooremouth, MH 91443",900-486-3144,W2DBHmjT
817,Michael Brown,"3880 Angela Stravenue, West Zacharyside, AS 17939",371.801.1211x56306,Vca0GJLE
818,Timothy Lee,"423 Julia Passage, West Morganchester, PW 67266",780.355.4364,KyPGzvIE
819,Catherine Turner,"017 Oconnell Circles Suite 338, New Jeffreyside, NY 53988",+1-764-513-4624,X2zs8QG7
820,Diana Holden,"78966 Johnson Highway, Chaneyside, CO 15828",+1-739-397-8492,i2q7DTTB
821,Jeffrey Wall,"458 Francisco Inlet Apt. 881, West Ashley, AZ 91177",001-206-927-5376,bdzzTsO9
822,Robert Allen,"512 Freeman Neck Suite 937, West Chloestad, MT 69957",(502)457-5654x7506,OIywO9EL
823,Ian Banks,"496 Caleb Square Apt. 298, Rickton, TN 75455",473.784.0758x8659,ZKNdiPZd
824,Mrs. Lisa Scott MD,"6954 Kevin Squares Suite 725, Lake Phillipborough, NM 89710",+1-472-437-2166,Cs2ckyVK
825,Alexis Pineda,"49894 Mario Ridge Suite 295, Wheelerhaven, CO 56000",(924)390-3443x304,90wrzCIH
826,Michael Lopez,"30587 Mcguire Village Apt. 201, Jacksonstad, MO 67644",565-411-5219,9JvWie9B
827,Tiffany Johnson,"647 John Tunnel, East Brandyfurt, PW 67997",(825)251-2207,6zRGatwI
828,Anne Jones,"933 Vasquez Forges, Alvaradoland, CO 07821",+1-837-601-4005x571,KhUAi9OW
829,Stephen Bell,"8840 Garcia Extensions Apt. 692, New Anthony, OH 26939",3463046021,260R41Eh
830,Kevin Brown,"100 Johnson Plaza, Hernandezborough, AR 87619",001-890-804-1494x49933,IOrwgECG
831,Anthony Owen,"09616 Mason Underpass, Jonesland, AK 12179",001-619-868-5875x3175,8r2koCBs
832,Michelle Rios,"USNS Larson, FPO AE 41786",+1-250-406-2968x546,XeyzMUIi
833,Robert Oconnor,"0055 Myers Prairie, South Mitchelltown, GU 10549",5114253487,Dem9Sft4
834,Carl Carrillo,"57699 Williams Oval Suite 087, Brownport, AL 58127",7315843033,ql0EGvtN
835,Jason Valdez,"5188 Brown Heights, Port Charlesside, GA 58812",+1-573-596-5202x63027,TxtUbyhn
836,Samantha Lewis DVM,"5854 Horn Parkway Apt. 621, Joshuaport, IL 35616",+1-257-742-6435x451,6CyeMJHo
837,Rachel Williams,"3251 Burns Terrace Suite 489, Mirandaview, NV 93319",252.759.6495x6751,JxoQSfro
838,Angela Mitchell,"827 Solis Inlet Apt. 616, Port William, OH 65048",(921)745-0288,7oXz7xLH
839,Adam Willis,"4713 Larson Mountains Apt. 411, Michelleborough, OH 85434",5377351209,QVRETuCn
840,Christian Stewart,"PSC 5646, Box 0675, APO AA 38012",+1-654-888-7594x7138,4foxDQKu
841,Becky Fuller,"4083 Brady Mount Apt. 052, South Andrea, RI 75061",(812)804-6459x3094,rA3W6tss
842,Danny Hunter,"04540 Nicole Bridge Apt. 828, West Nicoleberg, NJ 68576",(465)426-4879x1359,7iieuO6Y
843,Matthew Woods,"56376 Luis Green Suite 372, Michaelton, LA 81894",(740)892-4386x77650,mzb2PM3D
844,Cody Rodgers,"33669 Robinson Summit, Padillaborough, NY 60083",(653)389-6086,yOb1EOc4
845,Michael Jones,"067 Brown Shoals, North Zachary, CO 70611",330-719-9788x86478,jF1IvD0U
846,Michael Martin,"430 Clayton Place, Port Kimberlyton, LA 71114",454.337.1913,EXBZmqtU
847,Sharon Warren,"4736 David Estates, Caseyburgh, OK 09443",958-940-7567x1372,ZlLhgs72
848,William Jackson,"614 Alicia Crescent, North Coryborough, MI 74059",981-293-8569x1696,tRriPJBY
849,Courtney Wolfe,"7264 Courtney Stream, Stephenland, WV 64661",807.629.9235,NzZbZxJW
850,Ian Hicks,"77407 Douglas Street Suite 171, Cynthiafurt, GU 27709",+1-694-216-2394x3791,ktRilPnb
851,Alex Lawrence III,"053 Joyce Cove, East Mary, MS 62394",746-266-8319x09499,dAQdlIQE
852,Mark Cain,"1505 Summer Roads Suite 836, Brianhaven, AZ 19871",709-528-4688x588,mB9u1wOs
853,Lisa Jenkins,"118 Sandra Crossing Suite 543, Port Lisa, ID 12618",813.722.1128,zrCZFiaL
854,James Reynolds,"4340 Vargas Neck Suite 401, East Markmouth, MD 78733",(645)591-1095x98170,Q5gXmtQW
855,Brett Thomas,"0206 Sarah Circle, Cookeland, PW 13971",915.245.0096,AEtFC07N
856,Charles Moore,"409 Brenda Island Apt. 438, West Danatown, AZ 26094",717.439.3711x67750,EWhiuXNS
857,Patrick Haynes,"88126 Edwards Wall, Christopherfort, MI 18525",2557777099,aiwaXz0F
858,Vickie Wagner,"07225 Brian Knolls Suite 296, Martinhaven, AL 18749",405-572-7244,RmcSRIYs
859,Russell Odonnell,"PSC 0672, Box 3209, APO AA 73646",4487762736,gXP7rGNB
860,Andrea Smith,"Unit 5616 Box 2440, DPO AA 42967",538-848-0686x37993,YBsE5XiH
861,Robert Santos,"715 Greene Burgs Suite 832, Donnaburgh, PW 09791",9253491145,I8w5rZge
862,Erin Reeves,"417 Young Parks Apt. 548, New Danielle, KS 43010",(250)397-2838x255,0HUgc5DX
863,Paul Snow,"88726 Brent Stream Suite 803, East Brian, NE 80613",857-565-7880,LnQZY3Hb
864,Aaron Bailey,"0796 Ronald Mountain Suite 900, New Leslie, NC 52420",(272)251-2811x4787,htb7wsXC
865,Mr. Brian Brown,"887 Matthews Common Suite 391, Michaeltown, WI 41717",544.296.6569,V8hTyoxO
866,Aaron Pacheco,"391 Fernandez Mills, Gibbsville, KS 49955",851-317-6965,783T4Kzg
867,Michelle Chavez,"1089 Robert River, Port Barbaraland, MA 44778",(624)422-0011x8917,Lp6k2ntd
868,Jerry Tate,"Unit 0301 Box 3745, DPO AA 91649",216.801.7338,KKxrtdW1
869,Courtney Fernandez,"35711 Steven Park, East Amanda, DC 55601",001-723-454-2249,NCKykwsg
870,Paul Alexander,"510 Thomas Islands Suite 737, Richardbury, MI 40767",001-473-818-4384x1872,BAtja9l5
871,Rodney Cole,"USNS Chambers, FPO AE 43936",(946)938-5290,W5d7Uw8F
872,Kevin Thomas,"88728 Jones Manors, Morganfurt, KS 73265",600.241.1169,8ARIdjfX
873,Kylie Marquez,"566 Werner Green Apt. 322, Lucaston, WI 60967",523-722-8262x7302,rP0TYw6g
874,Marcia Harmon,"81304 Graham Trafficway Suite 313, Jefftown, HI 17399",+1-716-223-8413x9570,mZ6fKRPA
875,Philip Young,"056 Garcia Rest Suite 375, Dylanmouth, OH 19047",(741)614-6555x4769,LWvcGDmy
876,Christopher Haynes,"09223 Richard Tunnel Suite 920, Lake Jamie, MO 45563",(437)319-0322,a9P6eacT
877,Joshua Salinas,"81723 Ryan Lock Apt. 429, Allenbury, WA 45839",982-549-7581,NuFI6UC5
878,Christina Brock,"Unit 9984 Box 2355, DPO AE 29324",001-400-485-7846,3qTjhByA
879,Dan Strickland,"5253 Burns Creek Apt. 546, West Tinatown, NE 13862",(698)409-6068x8404,342DtmzK
880,Erica Carter,"629 Cooper Loaf Suite 904, Port Meganstad, DC 77762",5193284247,cNGJxK6Z
881,Deborah Cabrera,"796 Martha Village, North Williamberg, NJ 05717",+1-549-843-8179x743,r5pGMuFr
882,Lauren Taylor,"1852 Carlson Fork, East Aprilland, SC 57326",(347)991-5498,WYdWneGS
883,Olivia Wright,"268 Charles Islands, South John, AK 93373",001-965-531-9910x32181,XiHrQYOK
884,Wayne Leblanc,"PSC 5037, Box 2543, APO AA 38259",+1-683-662-1404x52992,OpODOVIK
885,Jonathan Scott,"07804 Steven Extension, North Lisamouth, MA 19813",539.390.5321,OQgHlqUH
886,Alicia Boyle,"378 Charles Village Suite 251, South Nancy, VA 66232",001-247-302-0209x1027,7mctwp8L
887,John Ramsey,"637 Young Ford Apt. 819, Lake Julia, GA 07676",001-822-307-2185x8782,9JbyunLZ
888,Jeremiah English,"6996 Natalie Mews, Becktown, MD 73762",305.273.5730x31497,HtBjJ6bq
889,Dean Newman,"1958 Alex Island, Port Derrickport, IN 72648",354-253-0519,iRn8LPa7
890,Nicholas Wright,"714 Cowan Forks Apt. 178, Ginaview, WI 04271",805-991-2730x7442,jPwKzWjD
891,Stephanie Thompson,"323 Nichole Skyway, Russellborough, IA 43308",234-408-1913x50262,Gb4eERiJ
892,Jason Ali,"290 Christina Shoal, East Nicole, WA 25073",(651)853-2565,PUBKhcMx
893,Virginia Wong,"64572 William Forges, Davidville, LA 59074",6377065587,xwZW1kVL
894,Jessica Olson DDS,"865 Hopkins Ridges Apt. 167, West Steventown, AS 91631",(454)869-1993x65914,KJGjeI0p
895,Andrew Miller,"934 Michael Point, New Sarahfort, GA 54189",001-361-739-7699x135,kBjEaEa6
896,Amanda Mcbride,"20043 Laura Plaza, Aprilton, OH 31629",230.987.8422,Blu9Wg4f
897,Daniel Peterson,"53761 Bishop Tunnel, South Miguelmouth, NJ 16293",001-769-825-6518x37545,wgX4JLox
898,Dennis Johnson,"627 Houston Garden, West Kerri, WI 68489",+1-582-882-7989,P7WTxYJm
899,Kenneth Michael,"8657 Coleman Branch Suite 415, Johnside, HI 74563",873-880-1047x215,t15T1pua
900,Franklin Mccoy,"853 William Fall Apt. 932, North Tanya, PW 95921",232-700-8417x9985,51CBzzmW
901,Carla Keller,"782 Shaw Inlet Suite 229, Castilloton, NH 33702",(767)584-0780x164,pTxlpwKl
902,Sheila Ross,"55215 Carroll Passage, Wallaceburgh, NJ 67028",846.748.0751,L17wYfDb
903,Erika Dodson,"USS Shaw, FPO AP 05491",8355166290,ceTKGYSn
904,Michelle Miller MD,"99879 Jennifer Brooks, West Leonardmouth, FL 35433",739.998.2815,9sz6wmUy
905,Gloria Bass,"794 Hurley Green Suite 309, Port Timothystad, PW 62105",763.214.8573x9856,zK4yvArH
906,John Garcia,"9589 Suzanne Viaduct, Wallview, IN 49193",(892)317-2073x9268,rfAL2uc2
907,Adrian Davis,"USNS Johnson, FPO AE 47788",(922)981-7983x537,7H1UtAaG
908,Kevin Carter,"73690 Dawn Fork, Bartontown, OH 32967",2248727345,uJoVpCEt
909,David Koch,"417 Elizabeth Flat, West Jessica, NE 83015",913-906-6916x10134,pAIsbxPa
910,Dana Villanueva,"782 Lopez Dam, East Autumn, CO 18915",+1-445-484-6651x36869,oWNL2edx
911,Samuel Rowe,"296 Galloway Spur, Williamsbury, MO 93045",+1-251-839-6705x73334,5w9K3OJN
912,Suzanne Kemp,"7807 Amanda Walk, Brianport, KS 22102",927-699-7446x1175,7tzf1weM
913,Roy Wilson,"6660 Rebecca Meadow, Danielleborough, ND 28597",571.478.4220x461,2DeHCWIh
914,Martha Lee,"6155 Anthony Street Suite 909, Shannonchester, NV 55267",419-501-5926x12385,5Nb6GLVX
915,Alexander Alvarado,"47893 Lori Highway, Martinezview, NY 75154",985-943-0518x3962,gg1q1m2v
916,Joshua Stuart,"64176 Phillip Prairie Suite 516, Port Markborough, ME 01923",001-925-336-5230,ujWlRCXR
917,Deborah Moody,"51355 Amanda Pines, New Bailey, WA 30911",860-339-0633x2677,JtLwCBs1
918,Michelle Shaw,"62614 Laurie Branch, South Johntown, GU 01633",+1-867-301-6235x076,hnJAmePC
919,Katherine Allen,"6421 Ryan Vista Suite 861, Chloeshire, ID 49730",562-346-6951x1087,xqC02cBk
920,Matthew Martin,"2171 Heidi Parkway, Combsville, SD 42219",9937001989,ZhbuvMQM
921,James Miller,"73707 Stephanie Alley, Hallshire, ME 70736",+1-793-738-2718,nH3Mu8Wn
922,Jennifer Warner,"68147 James Club, Meganhaven, VA 12184",678.712.0724x8038,NNSVW31l
923,Abigail Logan,"1440 Moore Field, Lake Dylan, NM 64996",(815)974-1981x2768,Ydrv6ql3
924,Samuel Moore,"USS Anderson, FPO AE 53143",(916)595-9008,p7G8b8Qq
925,Lisa Castillo,"4634 Anthony Common, Mariahaven, VA 32850",(707)265-9730,f6WvOK32
926,Andrew Everett,"575 Emily Mission, North Christine, NC 09357",001-964-463-5863,x0NHh1Rd
927,Victoria Anderson,"767 Diamond Ferry, Peterfurt, TN 68651",728-486-2364x2098,zCGUVo8J
928,James Black,"5510 Pittman Meadows, Lake Ashleyfort, OK 51915",240-557-2656x97307,BqIuFxVy
929,Tammy Anderson,"9257 Rachel Station Suite 658, East Timothy, OR 39362",238.242.3072x549,JToyAJbT
930,Willie Owens,"29547 Collins Place, Lake Samantha, NY 56500",8117362061,as8mGABC
931,Jodi Rivera,"328 April Springs, Lake Linda, AZ 42047",4917637042,Y2QlAa24
932,Monica Dunn,"019 Jason Brooks, Taylormouth, AL 59692",699.540.2805,mESujrm4
933,Samantha Day,"20745 Kenneth View Apt. 280, Port Courtneyshire, VT 21915",(720)229-2142x27174,aEhw8emG
934,Patricia Stone,"9868 Key Avenue, Katrinamouth, ND 42861",856.891.9336x80356,wiDaqAQg
935,John Pollard,"USS Ballard, FPO AP 11383",262-567-8283,WyKNNF5I
936,Christopher Monroe,"287 Thompson Knolls Apt. 029, Kevinside, MD 44399",001-302-226-4707x08590,HXGQ82Uw
937,Dr. Madison Whitney,"4578 Mills Lodge, Wellsmouth, PA 38137",582-457-6656,9XoqdOxP
938,Charles Dyer,"2174 Hopkins Lock, East Monica, HI 60618",+1-220-260-0228x00995,WOVgqOyx
939,Sheila Taylor,"29047 Owens Stream Apt. 731, Lake Jonathanberg, PW 64845",+1-970-856-5520x58870,xdJ51LG5
940,James Fowler,"1453 Reyes Freeway, East Rachel, TN 45930",8279053731,X92ciQAz
941,Kathryn Cobb,"4913 Terri Stravenue Apt. 194, East Charles, AR 14513",307.410.1909,0INb7DmZ
942,Ray Preston,"84089 Victor Gardens Suite 368, Lopezberg, OH 63930",8557225392,2g3L6YbC
943,Barbara Cook,"99995 Emma Neck, Lake Stacyfurt, CT 80602",361-455-4259x88330,V2CMmUtj
944,Joseph Garrett,"18835 Miles Road, Shannonville, CT 77311",+1-234-837-9426x715,OHDiafJc
945,Katherine Gilmore,"Unit 5666 Box 2356, DPO AP 23790",939-847-3503x2784,AhfEvvyb
946,Brett Turner,"Unit 8322 Box 7923, DPO AA 09522",6323517378,hhbIP799
947,Ryan Bridges MD,"710 Wise Stravenue Apt. 647, Ericaton, MD 63430",845.969.9361,tnh5eszX
948,Darius Carroll,"51803 Bennett Glen Suite 982, Randallside, KY 81200",2079252198,AxIBxWXm
949,Amanda Harris,"313 Jeremy Square, New Blakeview, GA 30868",001-476-251-2706x04029,DmFrQdU7
950,Ethan Baird,"77592 Alicia Corners Apt. 288, Nelsonchester, IL 14173",234-222-0911,paH3jnaE
951,Harry Campbell,"0251 Zachary Island, Ericaburgh, MA 84500",424.517.9969x90745,DBsDEbrs
952,Pamela Jordan,"4956 Thomas Summit, Hallborough, IA 50178",(853)701-5205x5601,cA2NOc45
953,Kathleen Sandoval DVM,"0632 Lisa Forks Apt. 200, Hillport, KY 47758",001-986-867-8428x606,EiQDDlIC
954,Karen Stanton,"95996 Michael Cliff, East Danielview, CO 80412",(602)752-0334x56005,m3AnjiUT
955,Darrell Lamb,"20617 Jasmin Mews, Meganton, TX 94565",(322)510-0140,S6tY5Pyd
956,Sherry Davis,"05663 Hunt Rapid, Chapmanfort, DE 69526",+1-202-234-5027x716,9GCYMbi4
957,Lisa Bennett,"085 Judy Trace, Ashleyside, KS 70023",+1-260-872-0933x025,A69O1ADV
958,Patricia Fletcher,"036 Erika Corner Suite 591, Port Keith, FM 62246",4717387118,Ou87WmqR
959,Nancy Collins,"397 Daniel Brooks, Kurtburgh, NY 92146",472-821-7014,bEpElOo2
960,Troy Thomas,"46554 Davis Canyon, West Ryan, AK 92568",+1-349-416-5146x30721,aPM85kOd
961,Diana Hughes,"67300 Roger Ports, East Eric, AK 50365",+1-793-288-9840,K9TwwFCz
962,Angel Duncan,"000 Young Light, South Nancychester, MP 21999",597-983-8942x59561,AkCtYfrS
963,Ashley Davis,"USNS Brown, FPO AE 80207",(946)490-5305,VQBIGTGc
964,Deanna Duke,"4213 Smith Plaza, Sullivanville, MO 72017",001-956-710-5023x25491,v43AZp5K
965,Donald Flores,"09267 Michael Cove, West Meganfurt, DE 68842",970.476.3258,bew7ce26
966,Heather Frazier,"329 Kimberly Expressway, Erikabury, TX 31098",828-954-0860,CNnX0pBD
967,Lori Sutton,"2243 Michaela Corners, Elizabethshire, MS 16915",001-623-956-5653x15468,6zShyeZ4
968,Melissa Howard,"82472 Morton Unions, New Joanna, MA 12558",921.228.9582,l9Uhskvj
969,Garrett Rodriguez,"286 Mary Passage Suite 209, New Jenniferfort, NC 16018",001-278-644-7369x1482,QTDuyQqD
970,David Morgan,"1918 Austin Hill Suite 970, South Jacquelineland, AS 10295",241-261-1112,U8iPJuJ9
971,Dustin Salazar,"PSC 6142, Box 9253, APO AP 77882",5972256173,e9xtbqsA
972,Michael Buckley,"PSC 9052, Box 3459, APO AE 88986",762-801-3831,UBxuDYVM
973,Joseph Nguyen,"96213 Nicholas Stream, Warrenshire, OR 58612",001-654-732-2486,pprv8o17
974,Krystal Kirby,"Unit 0285 Box 5828, DPO AA 21773",456.564.4390,XuA7Dvgf
975,Kimberly Moore,"01609 Emily Tunnel Suite 205, North Christophertown, WA 75038",235-866-1244,ckfiGQYu
976,Louis Schroeder,"409 Wilson Union, Loweborough, AL 80908",385.518.8807x0522,2lOZslTU
977,Jose Jones,"9037 Wanda Extension Suite 516, Laneborough, ME 59308",263.863.5823,Kyur4oG9
978,James Fisher,"637 Darren Streets Suite 795, Warrenshire, WA 59125",+1-679-911-4980x1474,0BSB1RMd
979,Ronald Rivera,"903 Romero Terrace, Maryborough, IN 60129",974-596-4210,vjT8I7Qc
980,Sarah Gross,"26104 Ralph Spurs, East Hannahmouth, FL 67324",272.280.8591x4912,7juZIqd9
981,Kyle Parrish,"273 Stout Station Apt. 343, South Chad, SD 77642",001-471-218-9011x709,I4tM9xum
982,Jodi Ramos,"270 Michael Via Apt. 405, Colleenborough, VT 03839",+1-773-476-6616x41323,XwKt30X6
983,Douglas Bell,"321 Robert Forks, South Eric, RI 87451",9582583868,H0I0q12P
984,Shari Carey,"USNV Griffin, FPO AE 37112",+1-441-306-8613x4358,hYsKSwqq
985,Donald Lyons,"591 Obrien Village, Lake Marcport, NJ 19168",473-850-5045,VkgJaZ9r
986,Barbara Washington,"28037 Hernandez Courts Apt. 792, Soliston, IL 52457",768.833.1919,GWmzbt5q
987,Howard Miller,"6511 Johnson Street Suite 260, West Donald, NJ 35350",595-557-4667,r2zUP70s
988,Tracy Savage,"80651 Antonio Land Apt. 530, Huntborough, CA 65692",(325)809-5338x518,SCMcBTTD
989,Amy Hall,"3765 Katherine Bypass, South Ashleyfort, ID 43052",527.454.7374x4516,aXHUv8Na
990,Veronica Greene,"45488 Debra Mountains Suite 159, South Davidfort, FL 55963",+1-907-608-0399x24035,342j9ody
991,Renee Young,"5530 Trevor Course Apt. 141, Lake Beth, PA 96142",971-578-1018x09678,uMfKuf7R
992,Derek Anderson,"8520 Shannon Stravenue Apt. 517, Goldenborough, WI 36090",548-467-1967x0851,mRKc4hnv
993,Kayla Jackson,"59711 Soto Shoals, Lake Johnfort, PA 83707",001-282-399-6149x857,7ndqpVV7
994,Alexander Anderson,"16557 Anderson Roads, Stantonberg, ME 57180",398-342-2265,VRYlRru6
995,Jeffery Williams,"720 Massey Path, Angelachester, DE 37326",4938295666,Sp3eM281
996,Megan Travis,"50152 Joshua Walks Suite 830, North Karaburgh, ID 37905",+1-259-744-1855x3668,JZIdGRfr
997,Ashley Hodges,"99950 Larry Locks, West Jerry, MS 05238",241.865.4545x6386,ipBY0Mk4
998,Candice Sharp,"670 Strong Fords, South Danielside, ND 85459",649.239.9603,2d6lbWzb
999,Adam Brock,"205 Kevin Rapid, Thorntonmouth, MH 24002",+1-493-316-3523,t77ZKQA4
1000,Carlos Perez,"PSC 0304, Box 3123, APO AA 59054",(499)262-1583x2898,VhXnTMQ3
